6739,76305,230,1,2020-09-05 16:20:03
7460,81008,1455,4,2020-09-05 16:20:04
6701,7556,1159,2,2020-09-05 16:20:05
8021,36492,3727,2,2020-09-05 16:20:06
6442,11282,4387,5,2020-09-05 16:20:07
5643,36216,1619,1,2020-09-05 16:20:08
7186,48203,2691,5,2020-09-05 16:20:09
6668,7427,2037,3,2020-09-05 16:20:10
8669,51578,4237,4,2020-09-05 16:20:11
8206,77899,4089,1,2020-09-05 16:20:12
7732,31755,3700,5,2020-09-05 16:20:13
8107,32824,4168,5,2020-09-05 16:20:14
8925,5211,4001,4,2020-09-05 16:20:15
5732,66187,2198,4,2020-09-05 16:20:16
6728,839,1956,2,2020-09-05 16:20:17
6370,63643,2657,2,2020-09-05 16:20:18
8150,76537,1299,4,2020-09-05 16:20:19
5709,67374,157,4,2020-09-05 16:20:20
8719,4068,257,4,2020-09-05 16:20:21
5727,2709,2463,2,2020-09-05 16:20:22
7796,72708,3527,5,2020-09-05 16:20:23
6485,87513,2909,4,2020-09-05 16:20:24
7042,41460,574,4,2020-09-05 16:20:25
8904,35404,2612,4,2020-09-05 16:20:26
6029,19629,1884,1,2020-09-05 16:20:27
8189,23923,366,2,2020-09-05 16:20:28
8323,60958,755,3,2020-09-05 16:20:29
8216,64735,621,4,2020-09-05 16:20:30
6212,83962,2328,5,2020-09-05 16:20:31
6573,63393,1292,4,2020-09-05 16:20:32
6914,39822,3569,3,2020-09-05 16:20:33
5755,52698,3188,4,2020-09-05 16:20:34
8460,11223,598,3,2020-09-05 16:20:35
6509,40772,3121,4,2020-09-05 16:20:36
6084,54176,4676,2,2020-09-05 16:20:37
7432,76819,2649,5,2020-09-05 16:20:38
5675,16386,3847,5,2020-09-05 16:20:39
6696,73447,3156,4,2020-09-05 16:20:40
7291,58811,490,2,2020-09-05 16:20:41
7191,89532,2585,4,2020-09-05 16:20:42
8635,54693,122,3,2020-09-05 16:20:43
7233,81056,2502,4,2020-09-05 16:20:44
6100,54643,1791,4,2020-09-05 16:20:45
8254,23369,3181,1,2020-09-05 16:20:46
5792,15945,1723,2,2020-09-05 16:20:47
7727,36767,4649,1,2020-09-05 16:20:48
8878,83338,1903,5,2020-09-05 16:20:49
8850,53294,1827,3,2020-09-05 16:20:50
7158,58677,2557,3,2020-09-05 16:20:51
7100,10473,2084,3,2020-09-05 16:20:52
7332,21152,3331,2,2020-09-05 16:20:53
7896,17777,3911,2,2020-09-05 16:20:54
7467,7788,1729,2,2020-09-05 16:20:55
6055,20323,3955,5,2020-09-05 16:20:56
6294,76743,133,4,2020-09-05 16:20:57
8021,20132,3727,3,2020-09-05 16:20:58
8305,41753,3066,2,2020-09-05 16:20:59
6940,80369,1889,5,2020-09-05 16:21:00
6891,65424,4238,1,2020-09-05 16:21:01
7857,79853,367,2,2020-09-05 16:21:02
5921,50578,2576,3,2020-09-05 16:21:03
6377,45126,79,5,2020-09-05 16:21:04
7593,63401,4700,4,2020-09-05 16:21:05
6412,21868,938,5,2020-09-05 16:21:06
8529,25673,3745,3,2020-09-05 16:21:07
7837,29745,2178,3,2020-09-05 16:21:08
7212,8732,2316,3,2020-09-05 16:21:09
8282,5479,4133,5,2020-09-05 16:21:10
8624,88407,3573,4,2020-09-05 16:21:11
5624,71829,1621,4,2020-09-05 16:21:12
7761,75902,4701,2,2020-09-05 16:21:13
8071,38559,3861,1,2020-09-05 16:21:14
7804,76481,1517,5,2020-09-05 16:21:15
8820,40268,3202,2,2020-09-05 16:21:16
6036,13759,1337,5,2020-09-05 16:21:17
5844,6208,136,2,2020-09-05 16:21:18
7698,81437,3114,4,2020-09-05 16:21:19
5639,46775,2579,4,2020-09-05 16:21:20
7129,48960,3625,1,2020-09-05 16:21:21
6221,39616,3362,3,2020-09-05 16:21:22
8802,69200,3567,1,2020-09-05 16:21:23
6724,49994,4622,3,2020-09-05 16:21:24
6124,9815,4801,3,2020-09-05 16:21:25
7132,24836,1784,5,2020-09-05 16:21:26
8546,53474,2708,3,2020-09-05 16:21:27
5643,24171,1619,5,2020-09-05 16:21:28
8071,9170,3861,2,2020-09-05 16:21:29
8156,3049,2011,5,2020-09-05 16:21:30
7767,61886,1189,5,2020-09-05 16:21:31
7764,60090,3278,3,2020-09-05 16:21:32
8146,37332,2768,3,2020-09-05 16:21:33
8680,82963,4408,3,2020-09-05 16:21:34
8024,70243,4506,1,2020-09-05 16:21:35
8494,16497,1342,4,2020-09-05 16:21:36
6004,76174,2190,3,2020-09-05 16:21:37
7755,56752,226,5,2020-09-05 16:21:38
5963,240,1205,3,2020-09-05 16:21:39
8589,88433,631,4,2020-09-05 16:21:40
7347,27837,314,1,2020-09-05 16:21:41
6505,72604,1305,2,2020-09-05 16:21:42
8642,6162,984,4,2020-09-05 16:21:43
6554,58145,1889,5,2020-09-05 16:21:44
8034,86122,4335,3,2020-09-05 16:21:45
6622,2507,3803,1,2020-09-05 16:21:46
8302,33713,1229,4,2020-09-05 16:21:47
8036,78166,4206,3,2020-09-05 16:21:48
7516,7978,1937,1,2020-09-05 16:21:49
7009,70536,4850,3,2020-09-05 16:21:50
8932,2487,4842,3,2020-09-05 16:21:51
8882,85701,2126,3,2020-09-05 16:21:52
8943,11017,4946,1,2020-09-05 16:21:53
7073,2324,1763,5,2020-09-05 16:21:54
8370,68498,2061,1,2020-09-05 16:21:55
8587,59617,145,3,2020-09-05 16:21:56
8888,21645,4433,4,2020-09-05 16:21:57
6774,27272,4844,3,2020-09-05 16:21:58
8906,50664,2709,4,2020-09-05 16:21:59
8414,84880,3262,1,2020-09-05 16:22:00
7317,14764,4048,5,2020-09-05 16:22:01
7266,76670,370,1,2020-09-05 16:22:02
7873,89838,3820,3,2020-09-05 16:22:03
8773,55496,2289,2,2020-09-05 16:22:04
5883,17993,113,4,2020-09-05 16:22:05
5820,85882,510,2,2020-09-05 16:22:06
5681,8428,1062,2,2020-09-05 16:22:07
8215,21205,2819,4,2020-09-05 16:22:08
5956,7565,2731,4,2020-09-05 16:22:09
8905,54998,1045,3,2020-09-05 16:22:10
6647,43976,3909,1,2020-09-05 16:22:11
8088,79350,3984,3,2020-09-05 16:22:12
5932,37240,2691,5,2020-09-05 16:22:13
5714,46464,1845,5,2020-09-05 16:22:14
5943,17587,951,2,2020-09-05 16:22:15
8924,75079,2221,3,2020-09-05 16:22:16
7577,43176,3137,2,2020-09-05 16:22:17
7228,757,3375,4,2020-09-05 16:22:18
7321,86017,4010,1,2020-09-05 16:22:19
6503,30851,4635,5,2020-09-05 16:22:20
6267,49438,2748,1,2020-09-05 16:22:21
8116,57717,424,2,2020-09-05 16:22:22
8837,35078,2701,1,2020-09-05 16:22:23
8238,81136,648,3,2020-09-05 16:22:24
8624,35149,3573,5,2020-09-05 16:22:25
7071,77941,1727,1,2020-09-05 16:22:26
5978,3300,2718,4,2020-09-05 16:22:27
7840,75274,3143,1,2020-09-05 16:22:28
6058,41057,57,1,2020-09-05 16:22:29
7761,48008,4701,3,2020-09-05 16:22:30
8476,53238,4538,4,2020-09-05 16:22:31
6127,33807,4621,2,2020-09-05 16:22:32
8512,86294,3430,4,2020-09-05 16:22:33
6057,79754,2503,5,2020-09-05 16:22:34
6903,84329,1002,3,2020-09-05 16:22:35
8024,79194,4506,1,2020-09-05 16:22:36
6591,15949,709,1,2020-09-05 16:22:37
6302,64772,1717,2,2020-09-05 16:22:38
7306,58197,86,2,2020-09-05 16:22:39
8284,59602,4455,3,2020-09-05 16:22:40
5932,50839,2691,5,2020-09-05 16:22:41
8782,7027,695,1,2020-09-05 16:22:42
7196,63944,4862,2,2020-09-05 16:22:43
8796,14373,528,3,2020-09-05 16:22:44
7857,26657,367,4,2020-09-05 16:22:45
7165,36285,3318,1,2020-09-05 16:22:46
5932,16487,2691,3,2020-09-05 16:22:47
7713,43921,2808,3,2020-09-05 16:22:48
5725,86592,1304,3,2020-09-05 16:22:49
6963,63818,3423,3,2020-09-05 16:22:50
8064,42492,58,1,2020-09-05 16:22:51
5868,38563,3927,3,2020-09-05 16:22:52
6561,60895,2583,4,2020-09-05 16:22:53
8053,82366,353,5,2020-09-05 16:22:54
7928,45119,3451,5,2020-09-05 16:22:55
7351,73012,565,1,2020-09-05 16:22:56
7590,73578,3841,5,2020-09-05 16:22:57
8556,61871,1665,5,2020-09-05 16:22:58
8467,32873,4853,3,2020-09-05 16:22:59
6245,83716,527,5,2020-09-05 16:23:00
7765,75574,100,3,2020-09-05 16:23:01
7864,29332,1471,4,2020-09-05 16:23:02
8844,439,3496,1,2020-09-05 16:23:03
8698,24926,90,4,2020-09-05 16:23:04
7980,39264,88,2,2020-09-05 16:23:05
6243,16839,4033,3,2020-09-05 16:23:06
7994,31023,2176,5,2020-09-05 16:23:07
6259,30488,4028,3,2020-09-05 16:23:08
7977,5945,4157,5,2020-09-05 16:23:09
7241,12238,993,4,2020-09-05 16:23:10
6707,68476,4743,2,2020-09-05 16:23:11
6646,10875,2428,3,2020-09-05 16:23:12
6570,49822,446,5,2020-09-05 16:23:13
6090,32918,1292,1,2020-09-05 16:23:14
7761,59624,4701,3,2020-09-05 16:23:15
6829,12657,2230,1,2020-09-05 16:23:16
6756,89175,1240,3,2020-09-05 16:23:17
5725,63251,1304,4,2020-09-05 16:23:18
8307,34786,2630,1,2020-09-05 16:23:19
5787,11617,3832,4,2020-09-05 16:23:20
5643,17490,1619,3,2020-09-05 16:23:21
8567,29429,1313,3,2020-09-05 16:23:22
8301,42080,1594,4,2020-09-05 16:23:23
8129,31307,3468,5,2020-09-05 16:23:24
7141,18007,1787,1,2020-09-05 16:23:25
5982,59099,2838,2,2020-09-05 16:23:26
7317,21202,4048,3,2020-09-05 16:23:27
6589,57788,529,4,2020-09-05 16:23:28
7972,41273,2769,1,2020-09-05 16:23:29
8531,69299,1377,2,2020-09-05 16:23:30
8969,16994,4612,4,2020-09-05 16:23:31
7520,88385,4711,5,2020-09-05 16:23:32
7344,83368,3945,1,2020-09-05 16:23:33
7496,43629,2331,1,2020-09-05 16:23:34
7850,36530,164,2,2020-09-05 16:23:35
8158,36462,2310,2,2020-09-05 16:23:36
7612,13379,239,1,2020-09-05 16:23:37
7098,52526,3803,4,2020-09-05 16:23:38
8424,12659,2781,3,2020-09-05 16:23:39
6087,3149,2008,4,2020-09-05 16:23:40
6732,34099,4706,5,2020-09-05 16:23:41
6287,67651,2693,5,2020-09-05 16:23:42
8644,69733,1345,1,2020-09-05 16:23:43
7185,11094,3121,2,2020-09-05 16:23:44
7976,87891,3490,1,2020-09-05 16:23:45
5706,41367,317,4,2020-09-05 16:23:46
7543,68455,2012,5,2020-09-05 16:23:47
6323,87644,3461,1,2020-09-05 16:23:48
7687,78919,2285,5,2020-09-05 16:23:49
8404,20151,398,4,2020-09-05 16:23:50
8810,87066,2152,4,2020-09-05 16:23:51
6709,48897,702,3,2020-09-05 16:23:52
6257,39416,3964,2,2020-09-05 16:23:53
8539,27725,2420,1,2020-09-05 16:23:54
5943,47130,951,5,2020-09-05 16:23:55
8752,5352,3536,3,2020-09-05 16:23:56
8983,19155,3334,1,2020-09-05 16:23:57
6387,85901,3408,4,2020-09-05 16:23:58
7330,70720,4960,3,2020-09-05 16:23:59
5958,41429,2683,5,2020-09-05 16:24:00
7658,59521,4488,1,2020-09-05 16:24:01
8950,61667,897,4,2020-09-05 16:24:02
8195,37876,1374,1,2020-09-05 16:24:03
6595,72740,3443,4,2020-09-05 16:24:04
6946,41910,1061,3,2020-09-05 16:24:05
7177,40828,4331,4,2020-09-05 16:24:06
6712,62814,1617,1,2020-09-05 16:24:07
7355,77610,1958,5,2020-09-05 16:24:08
8326,17783,925,2,2020-09-05 16:24:09
5611,60205,1544,4,2020-09-05 16:24:10
6556,81053,2044,5,2020-09-05 16:24:11
8885,3952,2901,5,2020-09-05 16:24:12
8832,1411,4837,1,2020-09-05 16:24:13
7030,87344,2933,4,2020-09-05 16:24:14
7619,53728,3579,2,2020-09-05 16:24:15
7158,32537,2557,1,2020-09-05 16:24:16
8765,73197,4348,1,2020-09-05 16:24:17
5869,2255,3180,2,2020-09-05 16:24:18
6247,1020,1536,1,2020-09-05 16:24:19
5937,16614,4161,4,2020-09-05 16:24:20
8884,1563,2267,4,2020-09-05 16:24:21
7891,15090,4654,3,2020-09-05 16:24:22
8453,28314,140,5,2020-09-05 16:24:23
6569,77179,2718,3,2020-09-05 16:24:24
7160,63748,2596,3,2020-09-05 16:24:25
7153,72556,2136,2,2020-09-05 16:24:26
7857,15914,367,3,2020-09-05 16:24:27
8911,7633,4021,2,2020-09-05 16:24:28
5784,59188,3415,5,2020-09-05 16:24:29
8263,5488,935,3,2020-09-05 16:24:30
8106,10227,769,4,2020-09-05 16:24:31
8216,80706,621,4,2020-09-05 16:24:32
5926,19166,1184,4,2020-09-05 16:24:33
8199,82871,4634,3,2020-09-05 16:24:34
5857,23099,1795,4,2020-09-05 16:24:35
6292,46219,4698,4,2020-09-05 16:24:36
8427,62399,1088,4,2020-09-05 16:24:37
8168,63524,4789,4,2020-09-05 16:24:38
5911,17578,4555,3,2020-09-05 16:24:39
8749,79656,4418,2,2020-09-05 16:24:40
6856,14092,125,2,2020-09-05 16:24:41
8671,85300,4108,5,2020-09-05 16:24:42
8072,56637,1877,5,2020-09-05 16:24:43
8995,42722,4320,5,2020-09-05 16:24:44
8422,75237,4346,3,2020-09-05 16:24:45
6050,11751,4182,4,2020-09-05 16:24:46
7738,44078,3799,1,2020-09-05 16:24:47
8058,18389,1164,2,2020-09-05 16:24:48
8658,25899,3101,2,2020-09-05 16:24:49
8417,64015,1882,4,2020-09-05 16:24:50
6058,10497,57,2,2020-09-05 16:24:51
8025,65827,4688,2,2020-09-05 16:24:52
7100,87522,2084,5,2020-09-05 16:24:53
8558,11434,1760,2,2020-09-05 16:24:54
6969,4865,1047,5,2020-09-05 16:24:55
6746,37861,205,1,2020-09-05 16:24:56
6333,1990,1782,2,2020-09-05 16:24:57
7832,76307,3238,4,2020-09-05 16:24:58
6338,34533,1952,5,2020-09-05 16:24:59
5766,76643,1585,5,2020-09-05 16:25:00
8841,85198,4660,4,2020-09-05 16:25:01
8760,37386,2356,2,2020-09-05 16:25:02
6404,11967,322,4,2020-09-05 16:25:03
6080,20725,3004,3,2020-09-05 16:25:04
8897,81146,653,1,2020-09-05 16:25:05
7683,74294,4121,5,2020-09-05 16:25:06
7853,82510,2015,3,2020-09-05 16:25:07
7895,12586,3550,1,2020-09-05 16:25:08
6189,74309,1118,2,2020-09-05 16:25:09
7854,84068,3137,1,2020-09-05 16:25:10
6514,87094,4743,2,2020-09-05 16:25:11
6821,56074,357,4,2020-09-05 16:25:12
7584,52372,1453,2,2020-09-05 16:25:13
6151,58001,556,3,2020-09-05 16:25:14
6830,48895,1235,4,2020-09-05 16:25:15
6051,30551,2909,2,2020-09-05 16:25:16
7476,7970,3873,3,2020-09-05 16:25:17
5949,29550,2516,1,2020-09-05 16:25:18
9000,51687,624,5,2020-09-05 16:25:19
6402,12004,690,5,2020-09-05 16:25:20
8826,11678,2690,4,2020-09-05 16:25:21
6897,43729,4787,4,2020-09-05 16:25:22
8467,69029,4853,1,2020-09-05 16:25:23
8817,12113,1233,1,2020-09-05 16:25:24
6172,31435,174,4,2020-09-05 16:25:25
7818,25282,1496,1,2020-09-05 16:25:26
7911,63885,2314,2,2020-09-05 16:25:27
8453,8632,140,3,2020-09-05 16:25:28
6752,84332,643,1,2020-09-05 16:25:29
7612,1756,239,3,2020-09-05 16:25:30
6752,74280,643,5,2020-09-05 16:25:31
7986,10278,110,1,2020-09-05 16:25:32
7229,38264,4458,5,2020-09-05 16:25:33
8453,47631,140,2,2020-09-05 16:25:34
6700,82929,2292,5,2020-09-05 16:25:35
8583,6701,4658,5,2020-09-05 16:25:36
6052,21595,2984,3,2020-09-05 16:25:37
7543,39428,2012,2,2020-09-05 16:25:38
7976,78366,3490,2,2020-09-05 16:25:39
7453,4839,3327,5,2020-09-05 16:25:40
7356,42884,720,5,2020-09-05 16:25:41
6169,3903,4232,2,2020-09-05 16:25:42
5816,52186,469,2,2020-09-05 16:25:43
7994,23848,2176,3,2020-09-05 16:25:44
6019,24643,1419,3,2020-09-05 16:25:45
7959,55786,4594,4,2020-09-05 16:25:46
7304,39024,1861,2,2020-09-05 16:25:47
8863,50553,546,2,2020-09-05 16:25:48
7022,29477,2432,2,2020-09-05 16:25:49
5602,85502,215,3,2020-09-05 16:25:50
8749,76608,4418,3,2020-09-05 16:25:51
8427,62433,1088,1,2020-09-05 16:25:52
6352,5931,738,3,2020-09-05 16:25:53
8863,28253,546,2,2020-09-05 16:25:54
6124,15182,4801,5,2020-09-05 16:25:55
7343,81281,4338,3,2020-09-05 16:25:56
6929,17205,727,4,2020-09-05 16:25:57
8700,37269,410,4,2020-09-05 16:25:58
7980,3090,88,4,2020-09-05 16:25:59
7524,23732,3627,4,2020-09-05 16:26:00
7238,14812,1678,2,2020-09-05 16:26:01
6944,46177,741,3,2020-09-05 16:26:02
6905,72988,1335,5,2020-09-05 16:26:03
8632,34465,3300,4,2020-09-05 16:26:04
6956,202,994,4,2020-09-05 16:26:05
5831,73961,4728,4,2020-09-05 16:26:06
7764,81050,3278,5,2020-09-05 16:26:07
5794,61193,314,2,2020-09-05 16:26:08
6969,23592,1047,1,2020-09-05 16:26:09
7354,26732,3817,5,2020-09-05 16:26:10
6247,54180,1536,2,2020-09-05 16:26:11
5888,77407,3797,4,2020-09-05 16:26:12
7674,38447,3807,3,2020-09-05 16:26:13
7036,27203,3349,5,2020-09-05 16:26:14
5888,18791,3797,1,2020-09-05 16:26:15
8404,33492,398,1,2020-09-05 16:26:16
6892,48209,2095,5,2020-09-05 16:26:17
6749,42932,1544,1,2020-09-05 16:26:18
8296,62320,3343,4,2020-09-05 16:26:19
8235,89180,2369,2,2020-09-05 16:26:20
8903,89310,2430,1,2020-09-05 16:26:21
8276,56819,4561,2,2020-09-05 16:26:22
7925,10129,808,4,2020-09-05 16:26:23
8071,35222,3861,2,2020-09-05 16:26:24
7088,46940,4432,1,2020-09-05 16:26:25
8300,1111,4712,2,2020-09-05 16:26:26
5888,981,3797,1,2020-09-05 16:26:27
6127,30023,4621,3,2020-09-05 16:26:28
8499,59395,3386,3,2020-09-05 16:26:29
6227,45070,4963,5,2020-09-05 16:26:30
5921,16981,2576,5,2020-09-05 16:26:31
8139,22381,1250,4,2020-09-05 16:26:32
8076,19925,3401,5,2020-09-05 16:26:33
8230,32505,325,3,2020-09-05 16:26:34
6753,16385,558,5,2020-09-05 16:26:35
8658,61886,3101,3,2020-09-05 16:26:36
6486,23259,434,2,2020-09-05 16:26:37
6601,8284,4661,5,2020-09-05 16:26:38
6634,42430,1256,1,2020-09-05 16:26:39
7267,80484,3868,5,2020-09-05 16:26:40
8449,84143,4885,1,2020-09-05 16:26:41
6933,83483,3200,1,2020-09-05 16:26:42
7591,89515,3770,3,2020-09-05 16:26:43
6202,75424,4409,2,2020-09-05 16:26:44
8537,88754,2601,5,2020-09-05 16:26:45
6088,35300,3946,5,2020-09-05 16:26:46
6177,22044,1424,4,2020-09-05 16:26:47
7764,33165,3278,3,2020-09-05 16:26:48
8076,53150,3401,4,2020-09-05 16:26:49
6315,37165,4825,2,2020-09-05 16:26:50
6903,36098,1002,5,2020-09-05 16:26:51
7344,59259,3945,2,2020-09-05 16:26:52
5815,9498,4177,1,2020-09-05 16:26:53
6259,25455,4028,3,2020-09-05 16:26:54
5930,48151,438,1,2020-09-05 16:26:55
6652,16310,58,2,2020-09-05 16:26:56
7906,65336,1951,1,2020-09-05 16:26:57
6352,44946,738,1,2020-09-05 16:26:58
6614,39874,4756,4,2020-09-05 16:26:59
8255,69242,2730,1,2020-09-05 16:27:00
7819,38855,2705,2,2020-09-05 16:27:01
5821,1055,1328,2,2020-09-05 16:27:02
7168,49052,690,2,2020-09-05 16:27:03
6586,73909,3791,4,2020-09-05 16:27:04
6643,14797,350,5,2020-09-05 16:27:05
8769,13240,3913,3,2020-09-05 16:27:06
6784,76630,4430,4,2020-09-05 16:27:07
6736,37603,3065,4,2020-09-05 16:27:08
6301,81094,2446,3,2020-09-05 16:27:09
5857,41245,1795,5,2020-09-05 16:27:10
6239,56579,3993,5,2020-09-05 16:27:11
5840,72826,3338,2,2020-09-05 16:27:12
6710,6622,905,3,2020-09-05 16:27:13
7849,57458,2007,3,2020-09-05 16:27:14
7112,21271,3612,2,2020-09-05 16:27:15
6456,7903,719,4,2020-09-05 16:27:16
6940,47749,1889,1,2020-09-05 16:27:17
6540,86673,4921,3,2020-09-05 16:27:18
7520,46059,4711,1,2020-09-05 16:27:19
8107,2954,4168,4,2020-09-05 16:27:20
5927,7534,897,5,2020-09-05 16:27:21
7604,72911,1136,2,2020-09-05 16:27:22
6950,21677,3396,5,2020-09-05 16:27:23
8266,10217,657,4,2020-09-05 16:27:24
8240,60924,2072,2,2020-09-05 16:27:25
6725,58093,4797,1,2020-09-05 16:27:26
5614,29727,4722,3,2020-09-05 16:27:27
8008,48580,4407,4,2020-09-05 16:27:28
8145,20349,1143,2,2020-09-05 16:27:29
5636,83395,212,2,2020-09-05 16:27:30
8712,73663,3036,1,2020-09-05 16:27:31
8690,73646,748,5,2020-09-05 16:27:32
6522,74914,358,2,2020-09-05 16:27:33
6637,6077,3973,1,2020-09-05 16:27:34
7960,71960,321,1,2020-09-05 16:27:35
6715,3847,1040,2,2020-09-05 16:27:36
5664,89640,3546,3,2020-09-05 16:27:37
6857,59201,2237,3,2020-09-05 16:27:38
7350,58890,2309,2,2020-09-05 16:27:39
5818,26346,451,3,2020-09-05 16:27:40
7186,52177,2691,5,2020-09-05 16:27:41
8023,70611,328,1,2020-09-05 16:27:42
7758,26827,3953,4,2020-09-05 16:27:43
6738,82024,4884,1,2020-09-05 16:27:44
5969,6257,3957,3,2020-09-05 16:27:45
7998,62809,635,4,2020-09-05 16:27:46
7878,23326,3273,4,2020-09-05 16:27:47
6571,65749,4398,3,2020-09-05 16:27:48
7801,66526,594,1,2020-09-05 16:27:49
8569,72399,1876,3,2020-09-05 16:27:50
5789,71222,1008,4,2020-09-05 16:27:51
7331,17759,1073,4,2020-09-05 16:27:52
7299,47815,2334,3,2020-09-05 16:27:53
6088,22654,3946,4,2020-09-05 16:27:54
8163,63441,326,3,2020-09-05 16:27:55
8271,16591,1048,2,2020-09-05 16:27:56
5770,83343,80,3,2020-09-05 16:27:57
8090,63255,680,1,2020-09-05 16:27:58
6512,62094,2443,4,2020-09-05 16:27:59
5899,76319,4216,5,2020-09-05 16:28:00
8176,76280,4544,5,2020-09-05 16:28:01
8841,38586,4660,1,2020-09-05 16:28:02
7790,44756,3537,5,2020-09-05 16:28:03
8177,18335,3101,3,2020-09-05 16:28:04
7672,49413,786,3,2020-09-05 16:28:05
7363,57675,4781,4,2020-09-05 16:28:06
7922,44956,3770,1,2020-09-05 16:28:07
8828,74923,3697,2,2020-09-05 16:28:08
8160,4243,2075,1,2020-09-05 16:28:09
8567,40582,1313,3,2020-09-05 16:28:10
8342,64929,700,1,2020-09-05 16:28:11
5882,51888,3143,2,2020-09-05 16:28:12
6646,74452,2428,4,2020-09-05 16:28:13
7142,4767,147,3,2020-09-05 16:28:14
7439,6025,2279,2,2020-09-05 16:28:15
8846,53840,2863,4,2020-09-05 16:28:16
5643,69067,1619,3,2020-09-05 16:28:17
8931,61098,4512,2,2020-09-05 16:28:18
7035,20686,1223,2,2020-09-05 16:28:19
7298,34328,1921,3,2020-09-05 16:28:20
7761,78350,4701,4,2020-09-05 16:28:21
6882,28623,2740,4,2020-09-05 16:28:22
8787,76999,1321,4,2020-09-05 16:28:23
7695,1171,4340,5,2020-09-05 16:28:24
7139,83311,936,4,2020-09-05 16:28:25
6329,89435,4682,3,2020-09-05 16:28:26
5605,77629,2505,4,2020-09-05 16:28:27
8008,79916,4407,1,2020-09-05 16:28:28
5619,65052,143,4,2020-09-05 16:28:29
6034,87170,2365,5,2020-09-05 16:28:30
6440,54482,3674,3,2020-09-05 16:28:31
8541,38082,1527,3,2020-09-05 16:28:32
7641,54682,3189,2,2020-09-05 16:28:33
6564,43018,3089,1,2020-09-05 16:28:34
8393,19761,4278,5,2020-09-05 16:28:35
6433,68512,3234,4,2020-09-05 16:28:36
6660,68373,805,3,2020-09-05 16:28:37
5745,41031,2493,1,2020-09-05 16:28:38
8661,30192,2317,3,2020-09-05 16:28:39
8631,83824,1717,1,2020-09-05 16:28:40
7160,32407,2596,2,2020-09-05 16:28:41
8066,63613,3537,4,2020-09-05 16:28:42
8502,6366,264,4,2020-09-05 16:28:43
6357,64935,2732,4,2020-09-05 16:28:44
8398,74259,4200,4,2020-09-05 16:28:45
7541,31176,197,2,2020-09-05 16:28:46
5946,84321,4259,5,2020-09-05 16:28:47
8022,49139,3825,4,2020-09-05 16:28:48
5815,38606,4177,2,2020-09-05 16:28:49
6339,81887,1888,5,2020-09-05 16:28:50
7428,8488,2997,1,2020-09-05 16:28:51
5956,24557,2731,4,2020-09-05 16:28:52
6759,34181,1350,3,2020-09-05 16:28:53
6668,83308,2037,2,2020-09-05 16:28:54
7597,24985,4263,2,2020-09-05 16:28:55
8453,68386,140,1,2020-09-05 16:28:56
6850,53924,716,3,2020-09-05 16:28:57
7539,15370,3459,5,2020-09-05 16:28:58
7750,18506,2051,2,2020-09-05 16:28:59
6257,74378,3964,5,2020-09-05 16:29:00
6113,40441,3990,2,2020-09-05 16:29:01
7218,33879,3326,5,2020-09-05 16:29:02
7514,68284,1510,3,2020-09-05 16:29:03
7486,1845,1344,3,2020-09-05 16:29:04
6899,76702,1530,5,2020-09-05 16:29:05
7655,65905,1665,5,2020-09-05 16:29:06
8486,49280,3589,5,2020-09-05 16:29:07
6097,69546,449,1,2020-09-05 16:29:08
7922,58834,3770,1,2020-09-05 16:29:09
6495,64772,351,3,2020-09-05 16:29:10
6615,63820,107,5,2020-09-05 16:29:11
8625,80173,1626,5,2020-09-05 16:29:12
8076,88944,3401,4,2020-09-05 16:29:13
8381,53253,2768,5,2020-09-05 16:29:14
7953,53900,1332,1,2020-09-05 16:29:15
8374,89495,3037,2,2020-09-05 16:29:16
7719,72014,2451,3,2020-09-05 16:29:17
5853,30000,2189,1,2020-09-05 16:29:18
7664,49047,1123,4,2020-09-05 16:29:19
8595,71319,3071,2,2020-09-05 16:29:20
8025,67634,4688,3,2020-09-05 16:29:21
6042,34983,4820,4,2020-09-05 16:29:22
8711,82739,3391,3,2020-09-05 16:29:23
5945,11217,2448,1,2020-09-05 16:29:24
7723,22248,2799,3,2020-09-05 16:29:25
7595,18543,4530,1,2020-09-05 16:29:26
8770,6078,4533,3,2020-09-05 16:29:27
7764,22257,3278,2,2020-09-05 16:29:28
7134,44222,3519,5,2020-09-05 16:29:29
6521,55276,2873,2,2020-09-05 16:29:30
6412,63798,938,4,2020-09-05 16:29:31
8176,29549,4544,2,2020-09-05 16:29:32
6123,27643,4075,2,2020-09-05 16:29:33
8053,66103,353,1,2020-09-05 16:29:34
8941,68627,4224,1,2020-09-05 16:29:35
7540,60433,4446,2,2020-09-05 16:29:36
8600,77850,4009,4,2020-09-05 16:29:37
6212,48519,2328,2,2020-09-05 16:29:38
8193,40804,2242,4,2020-09-05 16:29:39
6304,8717,1186,2,2020-09-05 16:29:40
6078,70232,2684,5,2020-09-05 16:29:41
5989,51920,3570,1,2020-09-05 16:29:42
6723,33355,465,2,2020-09-05 16:29:43
7904,83208,4987,5,2020-09-05 16:29:44
8714,8153,3174,1,2020-09-05 16:29:45
7363,67005,4781,5,2020-09-05 16:29:46
7804,57903,1517,2,2020-09-05 16:29:47
8064,43544,58,4,2020-09-05 16:29:48
8718,7266,3507,1,2020-09-05 16:29:49
8254,7771,3181,3,2020-09-05 16:29:50
6346,55170,3045,1,2020-09-05 16:29:51
8267,8859,4871,5,2020-09-05 16:29:52
5640,13718,3749,3,2020-09-05 16:29:53
8572,76550,534,4,2020-09-05 16:29:54
7287,73286,1010,2,2020-09-05 16:29:55
6591,8712,709,4,2020-09-05 16:29:56
6146,77293,3282,3,2020-09-05 16:29:57
8564,51621,2250,1,2020-09-05 16:29:58
6646,59292,2428,1,2020-09-05 16:29:59
5766,21561,1585,1,2020-09-05 16:30:00
8358,85054,858,4,2020-09-05 16:30:01
7832,48985,3238,3,2020-09-05 16:30:02
7978,80698,4189,4,2020-09-05 16:30:03
6898,22982,2125,2,2020-09-05 16:30:04
6328,82946,2254,1,2020-09-05 16:30:05
6226,16998,4298,3,2020-09-05 16:30:06
8762,43179,2445,1,2020-09-05 16:30:07
6185,82800,787,5,2020-09-05 16:30:08
5905,69229,4729,3,2020-09-05 16:30:09
6454,46832,1794,2,2020-09-05 16:30:10
6012,33997,4771,2,2020-09-05 16:30:11
8863,31572,546,1,2020-09-05 16:30:12
6861,71045,922,4,2020-09-05 16:30:13
6355,22376,2474,3,2020-09-05 16:30:14
7366,84194,202,2,2020-09-05 16:30:15
8035,43652,4973,4,2020-09-05 16:30:16
6572,48975,4820,1,2020-09-05 16:30:17
7316,9264,1429,2,2020-09-05 16:30:18
6109,87470,1882,4,2020-09-05 16:30:19
8558,87684,1760,2,2020-09-05 16:30:20
7024,35013,4383,3,2020-09-05 16:30:21
6908,4146,655,3,2020-09-05 16:30:22
6050,81451,4182,5,2020-09-05 16:30:23
8079,60642,4079,2,2020-09-05 16:30:24
8134,44738,2759,1,2020-09-05 16:30:25
5681,66321,1062,4,2020-09-05 16:30:26
5808,28157,4182,5,2020-09-05 16:30:27
8027,41341,3311,1,2020-09-05 16:30:28
5600,15630,3210,5,2020-09-05 16:30:29
7010,6707,1276,5,2020-09-05 16:30:30
6694,25427,2864,3,2020-09-05 16:30:31
7309,11107,1336,5,2020-09-05 16:30:32
8000,24484,1629,1,2020-09-05 16:30:33
7960,35372,321,5,2020-09-05 16:30:34
6890,10031,2571,1,2020-09-05 16:30:35
6152,18298,584,5,2020-09-05 16:30:36
5653,49,3158,1,2020-09-05 16:30:37
7381,35825,1243,5,2020-09-05 16:30:38
7980,409,88,1,2020-09-05 16:30:39
7727,62418,4649,2,2020-09-05 16:30:40
7406,64970,460,4,2020-09-05 16:30:41
8255,81278,2730,2,2020-09-05 16:30:42
5909,3380,1235,5,2020-09-05 16:30:43
7475,73347,3649,3,2020-09-05 16:30:44
7735,19642,3828,3,2020-09-05 16:30:45
7640,3444,759,4,2020-09-05 16:30:46
6713,59368,3335,4,2020-09-05 16:30:47
6913,37974,4974,3,2020-09-05 16:30:48
5708,24136,1569,5,2020-09-05 16:30:49
8273,54816,1489,5,2020-09-05 16:30:50
8298,18136,2072,5,2020-09-05 16:30:51
7229,3309,4458,4,2020-09-05 16:30:52
7036,33298,3349,2,2020-09-05 16:30:53
6547,74681,4909,4,2020-09-05 16:30:54
7724,36602,4273,5,2020-09-05 16:30:55
6212,33448,2328,5,2020-09-05 16:30:56
5945,8180,2448,3,2020-09-05 16:30:57
5705,38549,1646,3,2020-09-05 16:30:58
6906,2037,213,3,2020-09-05 16:30:59
7723,4570,2799,5,2020-09-05 16:31:00
8661,48220,2317,5,2020-09-05 16:31:01
6569,37173,2718,2,2020-09-05 16:31:02
6274,82504,3102,1,2020-09-05 16:31:03
5908,85817,667,3,2020-09-05 16:31:04
6403,63838,2056,4,2020-09-05 16:31:05
7582,58957,868,1,2020-09-05 16:31:06
5946,38229,4259,1,2020-09-05 16:31:07
5936,3469,4350,1,2020-09-05 16:31:08
7184,34614,4787,1,2020-09-05 16:31:09
8453,81623,140,1,2020-09-05 16:31:10
8437,13142,1396,3,2020-09-05 16:31:11
6922,54324,572,1,2020-09-05 16:31:12
6624,84647,4297,2,2020-09-05 16:31:13
7368,67252,4394,3,2020-09-05 16:31:14
8280,20509,490,1,2020-09-05 16:31:15
7009,45050,4850,4,2020-09-05 16:31:16
8402,13685,1143,4,2020-09-05 16:31:17
6596,35959,882,3,2020-09-05 16:31:18
7031,13768,1513,4,2020-09-05 16:31:19
8070,57242,1666,2,2020-09-05 16:31:20
8241,14307,3329,3,2020-09-05 16:31:21
7796,27132,3527,5,2020-09-05 16:31:22
5873,40634,1611,3,2020-09-05 16:31:23
7309,67080,1336,3,2020-09-05 16:31:24
5756,28717,4270,4,2020-09-05 16:31:25
7015,4212,3096,2,2020-09-05 16:31:26
5982,57986,2838,1,2020-09-05 16:31:27
5705,84270,1646,3,2020-09-05 16:31:28
8217,84101,1374,5,2020-09-05 16:31:29
8651,41420,4698,3,2020-09-05 16:31:30
5690,62556,2560,2,2020-09-05 16:31:31
6145,16530,280,3,2020-09-05 16:31:32
8763,49352,3344,4,2020-09-05 16:31:33
8519,12645,3054,2,2020-09-05 16:31:34
7630,6402,646,2,2020-09-05 16:31:35
5811,81540,4639,4,2020-09-05 16:31:36
8258,51862,2842,5,2020-09-05 16:31:37
6384,27988,484,3,2020-09-05 16:31:38
7793,17479,626,5,2020-09-05 16:31:39
5707,22204,3776,4,2020-09-05 16:31:40
7540,55433,4446,2,2020-09-05 16:31:41
8658,68136,3101,3,2020-09-05 16:31:42
8479,51989,4037,1,2020-09-05 16:31:43
7578,33713,2818,3,2020-09-05 16:31:44
7835,4500,4141,5,2020-09-05 16:31:45
8029,16280,2553,1,2020-09-05 16:31:46
8112,58152,3931,3,2020-09-05 16:31:47
8770,85223,4533,4,2020-09-05 16:31:48
8338,75490,3386,1,2020-09-05 16:31:49
6315,67716,4825,4,2020-09-05 16:31:50
6984,74955,3325,2,2020-09-05 16:31:51
8825,5945,1506,3,2020-09-05 16:31:52
6085,28232,3366,4,2020-09-05 16:31:53
7360,64565,146,3,2020-09-05 16:31:54
8157,58409,911,1,2020-09-05 16:31:55
6009,61503,3391,4,2020-09-05 16:31:56
6971,81495,81,2,2020-09-05 16:31:57
8370,46775,2061,2,2020-09-05 16:31:58
5680,31680,2641,3,2020-09-05 16:31:59
7756,25272,4307,5,2020-09-05 16:32:00
6926,50603,927,1,2020-09-05 16:32:01
8794,89385,4414,4,2020-09-05 16:32:02
5653,23001,3158,3,2020-09-05 16:32:03
8726,56562,3947,1,2020-09-05 16:32:04
5989,68199,3570,2,2020-09-05 16:32:05
8282,85923,4133,5,2020-09-05 16:32:06
8906,8810,2709,1,2020-09-05 16:32:07
7898,88003,4262,5,2020-09-05 16:32:08
8793,77207,2943,4,2020-09-05 16:32:09
6121,64682,3653,5,2020-09-05 16:32:10
5693,55903,4982,5,2020-09-05 16:32:11
7116,4699,87,1,2020-09-05 16:32:12
8854,12600,1492,3,2020-09-05 16:32:13
8506,45238,721,2,2020-09-05 16:32:14
7237,62086,3046,5,2020-09-05 16:32:15
8078,26981,393,4,2020-09-05 16:32:16
8897,76054,653,2,2020-09-05 16:32:17
6638,65698,3802,1,2020-09-05 16:32:18
6638,79276,3802,2,2020-09-05 16:32:19
7575,16944,3761,4,2020-09-05 16:32:20
6857,54138,2237,4,2020-09-05 16:32:21
7111,68772,961,5,2020-09-05 16:32:22
6131,6362,2011,2,2020-09-05 16:32:23
8449,73389,4885,2,2020-09-05 16:32:24
7542,25392,1830,4,2020-09-05 16:32:25
7629,48626,4214,1,2020-09-05 16:32:26
6618,53842,4748,2,2020-09-05 16:32:27
6601,34050,4661,4,2020-09-05 16:32:28
8168,2647,4789,3,2020-09-05 16:32:29
6128,2225,2173,4,2020-09-05 16:32:30
8201,70721,2125,2,2020-09-05 16:32:31
6926,726,927,1,2020-09-05 16:32:32
6586,48807,3791,3,2020-09-05 16:32:33
8958,76356,1645,4,2020-09-05 16:32:34
8642,48427,984,5,2020-09-05 16:32:35
6051,197,2909,2,2020-09-05 16:32:36
7606,13677,2228,3,2020-09-05 16:32:37
8793,60573,2943,3,2020-09-05 16:32:38
7824,17576,1490,2,2020-09-05 16:32:39
6477,20980,2033,3,2020-09-05 16:32:40
8668,19795,176,4,2020-09-05 16:32:41
6830,3807,1235,2,2020-09-05 16:32:42
7082,65134,3090,1,2020-09-05 16:32:43
6236,84356,180,3,2020-09-05 16:32:44
7877,34691,2283,5,2020-09-05 16:32:45
7953,72508,1332,1,2020-09-05 16:32:46
8158,1146,2310,5,2020-09-05 16:32:47
6478,34509,3377,3,2020-09-05 16:32:48
5781,71144,4745,1,2020-09-05 16:32:49
7883,5933,879,1,2020-09-05 16:32:50
6812,5976,243,2,2020-09-05 16:32:51
8070,67557,1666,3,2020-09-05 16:32:52
6287,19383,2693,1,2020-09-05 16:32:53
6267,81712,2748,2,2020-09-05 16:32:54
8183,86304,4093,5,2020-09-05 16:32:55
6910,10260,3823,4,2020-09-05 16:32:56
5954,45710,1751,3,2020-09-05 16:32:57
8708,73979,3089,2,2020-09-05 16:32:58
5834,81131,1877,3,2020-09-05 16:32:59
8803,67585,310,5,2020-09-05 16:33:00
8333,17906,1388,4,2020-09-05 16:33:01
7278,12312,4740,3,2020-09-05 16:33:02
8423,83162,211,1,2020-09-05 16:33:03
7973,77083,1932,3,2020-09-05 16:33:04
7856,74017,4874,4,2020-09-05 16:33:05
6800,44464,2616,2,2020-09-05 16:33:06
7228,63658,3375,3,2020-09-05 16:33:07
6323,47474,3461,1,2020-09-05 16:33:08
8416,73330,1039,1,2020-09-05 16:33:09
6869,26716,2459,2,2020-09-05 16:33:10
6641,27729,4779,5,2020-09-05 16:33:11
8480,42873,720,3,2020-09-05 16:33:12
8765,8472,4348,2,2020-09-05 16:33:13
8212,7041,2625,2,2020-09-05 16:33:14
6012,2983,4771,1,2020-09-05 16:33:15
8891,20574,3381,1,2020-09-05 16:33:16
6194,60948,3580,4,2020-09-05 16:33:17
8627,64066,1536,4,2020-09-05 16:33:18
8366,74498,4250,1,2020-09-05 16:33:19
6535,72264,895,5,2020-09-05 16:33:20
5607,79023,1164,3,2020-09-05 16:33:21
7745,6513,797,3,2020-09-05 16:33:22
5864,13439,4337,1,2020-09-05 16:33:23
8554,22991,1448,1,2020-09-05 16:33:24
8985,6196,1311,5,2020-09-05 16:33:25
7439,44221,2279,5,2020-09-05 16:33:26
8077,12996,4898,2,2020-09-05 16:33:27
7735,61152,3828,2,2020-09-05 16:33:28
8805,4334,1230,3,2020-09-05 16:33:29
8316,55393,1363,1,2020-09-05 16:33:30
8726,42552,3947,4,2020-09-05 16:33:31
7193,47749,2805,5,2020-09-05 16:33:32
7725,76910,3997,1,2020-09-05 16:33:33
8404,88204,398,5,2020-09-05 16:33:34
6886,76154,488,1,2020-09-05 16:33:35
7212,80191,2316,3,2020-09-05 16:33:36
8254,3851,3181,2,2020-09-05 16:33:37
8210,82870,1454,2,2020-09-05 16:33:38
6671,36375,2601,5,2020-09-05 16:33:39
6774,43891,4844,3,2020-09-05 16:33:40
5989,55306,3570,5,2020-09-05 16:33:41
7255,69732,334,1,2020-09-05 16:33:42
5611,65230,1544,1,2020-09-05 16:33:43
7590,46962,3841,5,2020-09-05 16:33:44
6518,4303,2159,5,2020-09-05 16:33:45
6301,19523,2446,4,2020-09-05 16:33:46
8326,75379,925,3,2020-09-05 16:33:47
6583,39628,4728,5,2020-09-05 16:33:48
7382,32103,3095,5,2020-09-05 16:33:49
8100,32735,3758,1,2020-09-05 16:33:50
7338,71470,57,4,2020-09-05 16:33:51
7522,54793,4842,1,2020-09-05 16:33:52
6748,18259,2821,5,2020-09-05 16:33:53
8349,84321,4912,5,2020-09-05 16:33:54
6956,5065,994,1,2020-09-05 16:33:55
6518,54470,2159,4,2020-09-05 16:33:56
7216,11776,4770,3,2020-09-05 16:33:57
7431,40587,3824,1,2020-09-05 16:33:58
6612,8913,4690,2,2020-09-05 16:33:59
6343,6178,4240,4,2020-09-05 16:34:00
7483,60333,4827,3,2020-09-05 16:34:01
6668,59003,2037,3,2020-09-05 16:34:02
7105,33295,1513,5,2020-09-05 16:34:03
8296,26201,3343,5,2020-09-05 16:34:04
7612,80508,239,1,2020-09-05 16:34:05
8290,30576,2940,2,2020-09-05 16:34:06
8450,89483,1077,5,2020-09-05 16:34:07
6259,12791,4028,5,2020-09-05 16:34:08
8460,2869,598,1,2020-09-05 16:34:09
5773,42967,296,1,2020-09-05 16:34:10
6866,1984,2869,4,2020-09-05 16:34:11
8271,6606,1048,5,2020-09-05 16:34:12
8476,70050,4538,4,2020-09-05 16:34:13
6469,48142,3863,5,2020-09-05 16:34:14
6825,11474,2445,2,2020-09-05 16:34:15
6700,9239,2292,1,2020-09-05 16:34:16
7273,42425,2077,2,2020-09-05 16:34:17
6370,57343,2657,1,2020-09-05 16:34:18
8854,34730,1492,2,2020-09-05 16:34:19
7807,79684,2828,4,2020-09-05 16:34:20
8535,51205,1290,1,2020-09-05 16:34:21
7520,617,4711,1,2020-09-05 16:34:22
7428,72533,2997,3,2020-09-05 16:34:23
7378,17176,4270,4,2020-09-05 16:34:24
7414,57905,1866,3,2020-09-05 16:34:25
6478,65027,3377,5,2020-09-05 16:34:26
7641,52282,3189,5,2020-09-05 16:34:27
6971,87769,81,1,2020-09-05 16:34:28
8262,7112,562,1,2020-09-05 16:34:29
7449,81617,3065,1,2020-09-05 16:34:30
6551,55378,1078,5,2020-09-05 16:34:31
8280,26821,490,4,2020-09-05 16:34:32
6924,85874,3719,2,2020-09-05 16:34:33
8834,77995,4068,1,2020-09-05 16:34:34
7202,89553,4787,2,2020-09-05 16:34:35
6318,59457,4756,5,2020-09-05 16:34:36
6484,74059,3975,2,2020-09-05 16:34:37
8564,7604,2250,5,2020-09-05 16:34:38
5856,48089,1952,4,2020-09-05 16:34:39
6475,45872,651,3,2020-09-05 16:34:40
8127,74905,3924,2,2020-09-05 16:34:41
7368,19520,4394,5,2020-09-05 16:34:42
8294,10436,4058,2,2020-09-05 16:34:43
8205,46270,889,5,2020-09-05 16:34:44
8381,24600,2768,1,2020-09-05 16:34:45
8485,83696,1293,3,2020-09-05 16:34:46
7604,32661,1136,3,2020-09-05 16:34:47
7880,24979,3437,2,2020-09-05 16:34:48
6397,82804,258,4,2020-09-05 16:34:49
7095,62867,4392,3,2020-09-05 16:34:50
7172,32565,2824,2,2020-09-05 16:34:51
8841,14319,4660,1,2020-09-05 16:34:52
5789,59793,1008,3,2020-09-05 16:34:53
6602,79569,565,2,2020-09-05 16:34:54
5642,79615,4567,4,2020-09-05 16:34:55
8928,59871,1735,5,2020-09-05 16:34:56
8792,51731,3151,1,2020-09-05 16:34:57
8983,36836,3334,4,2020-09-05 16:34:58
7387,82997,3719,2,2020-09-05 16:34:59
8620,62809,2982,3,2020-09-05 16:35:00
6975,30394,1201,5,2020-09-05 16:35:01
7904,68052,4987,3,2020-09-05 16:35:02
7157,14892,2394,2,2020-09-05 16:35:03
5877,51823,694,4,2020-09-05 16:35:04
7647,20739,3430,1,2020-09-05 16:35:05
7389,27655,4484,5,2020-09-05 16:35:06
7349,78468,3349,4,2020-09-05 16:35:07
6351,73695,3647,2,2020-09-05 16:35:08
8189,13209,366,5,2020-09-05 16:35:09
7356,47941,720,1,2020-09-05 16:35:10
8449,25975,4885,4,2020-09-05 16:35:11
5953,34876,2283,1,2020-09-05 16:35:12
6101,68687,2365,2,2020-09-05 16:35:13
7644,31590,1132,5,2020-09-05 16:35:14
8663,76760,1854,1,2020-09-05 16:35:15
6774,39824,4844,3,2020-09-05 16:35:16
7611,37903,650,5,2020-09-05 16:35:17
8233,57950,1789,5,2020-09-05 16:35:18
6891,72398,4238,2,2020-09-05 16:35:19
5740,13068,1465,2,2020-09-05 16:35:20
6493,45281,2985,3,2020-09-05 16:35:21
8311,33144,1666,4,2020-09-05 16:35:22
6628,13118,4214,1,2020-09-05 16:35:23
7978,22999,4189,4,2020-09-05 16:35:24
7438,15413,1735,1,2020-09-05 16:35:25
5662,12541,4620,3,2020-09-05 16:35:26
6060,79938,227,5,2020-09-05 16:35:27
7325,28441,3965,1,2020-09-05 16:35:28
7637,57671,255,5,2020-09-05 16:35:29
6417,72714,237,2,2020-09-05 16:35:30
8360,35223,1002,1,2020-09-05 16:35:31
7019,74245,2988,1,2020-09-05 16:35:32
7695,77692,4340,3,2020-09-05 16:35:33
5704,3630,1330,5,2020-09-05 16:35:34
8891,30748,3381,4,2020-09-05 16:35:35
7348,88113,3009,2,2020-09-05 16:35:36
7658,72072,4488,2,2020-09-05 16:35:37
5699,25524,2544,3,2020-09-05 16:35:38
6436,44012,3413,3,2020-09-05 16:35:39
6564,88417,3089,5,2020-09-05 16:35:40
7761,81780,4701,1,2020-09-05 16:35:41
8731,68160,146,5,2020-09-05 16:35:42
7141,23369,1787,5,2020-09-05 16:35:43
8193,76431,2242,2,2020-09-05 16:35:44
8617,66490,2763,5,2020-09-05 16:35:45
6945,71422,2174,5,2020-09-05 16:35:46
7523,53367,1343,1,2020-09-05 16:35:47
8569,40055,1876,3,2020-09-05 16:35:48
6729,50571,4567,1,2020-09-05 16:35:49
8197,69756,1113,4,2020-09-05 16:35:50
7777,21096,794,5,2020-09-05 16:35:51
7493,12935,432,5,2020-09-05 16:35:52
7417,45232,1047,5,2020-09-05 16:35:53
8596,75994,98,4,2020-09-05 16:35:54
8370,16982,2061,1,2020-09-05 16:35:55
8719,18377,257,1,2020-09-05 16:35:56
8907,30754,4894,3,2020-09-05 16:35:57
6643,5860,350,3,2020-09-05 16:35:58
6222,8011,1617,1,2020-09-05 16:35:59
7868,48021,3457,1,2020-09-05 16:36:00
7063,16850,1340,1,2020-09-05 16:36:01
8484,20666,4365,5,2020-09-05 16:36:02
6487,51136,1982,4,2020-09-05 16:36:03
6895,4377,138,2,2020-09-05 16:36:04
7523,249,1343,4,2020-09-05 16:36:05
8501,59467,1814,1,2020-09-05 16:36:06
6090,30940,1292,2,2020-09-05 16:36:07
7416,48228,1390,4,2020-09-05 16:36:08
7723,4437,2799,4,2020-09-05 16:36:09
5852,84686,742,2,2020-09-05 16:36:10
6969,44546,1047,2,2020-09-05 16:36:11
5641,20208,4715,3,2020-09-05 16:36:12
5657,61522,191,2,2020-09-05 16:36:13
6584,1633,2530,1,2020-09-05 16:36:14
6177,68397,1424,2,2020-09-05 16:36:15
8030,11995,2733,2,2020-09-05 16:36:16
6412,27181,938,1,2020-09-05 16:36:17
6922,45555,572,5,2020-09-05 16:36:18
8449,65500,4885,1,2020-09-05 16:36:19
6426,21301,3621,2,2020-09-05 16:36:20
6892,85010,2095,5,2020-09-05 16:36:21
6478,9059,3377,1,2020-09-05 16:36:22
5784,37999,3415,1,2020-09-05 16:36:23
5817,10920,140,1,2020-09-05 16:36:24
6601,85503,4661,1,2020-09-05 16:36:25
8572,41325,534,1,2020-09-05 16:36:26
7745,24141,797,4,2020-09-05 16:36:27
5939,9250,4728,3,2020-09-05 16:36:28
7430,64752,1755,2,2020-09-05 16:36:29
7256,88217,3566,2,2020-09-05 16:36:30
7533,89356,4172,4,2020-09-05 16:36:31
6190,57535,4263,1,2020-09-05 16:36:32
8894,80571,640,4,2020-09-05 16:36:33
6983,47102,1774,2,2020-09-05 16:36:34
5865,4526,713,5,2020-09-05 16:36:35
5681,12113,1062,4,2020-09-05 16:36:36
7317,80956,4048,3,2020-09-05 16:36:37
8710,51713,3998,2,2020-09-05 16:36:38
8891,13240,3381,1,2020-09-05 16:36:39
5887,49846,1628,3,2020-09-05 16:36:40
8825,2133,1506,3,2020-09-05 16:36:41
8548,56449,2850,5,2020-09-05 16:36:42
8234,76188,169,1,2020-09-05 16:36:43
7536,81623,496,4,2020-09-05 16:36:44
6405,16484,4296,5,2020-09-05 16:36:45
8569,32140,1876,1,2020-09-05 16:36:46
5665,89080,1314,5,2020-09-05 16:36:47
8335,84693,977,3,2020-09-05 16:36:48
8980,24437,2475,4,2020-09-05 16:36:49
6283,9178,4108,3,2020-09-05 16:36:50
5642,20516,4567,1,2020-09-05 16:36:51
6974,44889,2341,1,2020-09-05 16:36:52
8216,68658,621,1,2020-09-05 16:36:53
7632,33890,1080,1,2020-09-05 16:36:54
7204,27101,4523,3,2020-09-05 16:36:55
7139,28347,936,2,2020-09-05 16:36:56
8324,68014,3654,3,2020-09-05 16:36:57
7175,88821,1285,5,2020-09-05 16:36:58
8360,25298,1002,3,2020-09-05 16:36:59
8237,67685,2457,4,2020-09-05 16:37:00
6276,60711,522,1,2020-09-05 16:37:01
8147,77477,332,5,2020-09-05 16:37:02
8427,46919,1088,3,2020-09-05 16:37:03
7285,5307,1978,5,2020-09-05 16:37:04
8620,16439,2982,1,2020-09-05 16:37:05
5821,19036,1328,2,2020-09-05 16:37:06
5960,7793,1126,3,2020-09-05 16:37:07
6059,78685,4475,2,2020-09-05 16:37:08
7215,74150,2535,5,2020-09-05 16:37:09
7381,65880,1243,5,2020-09-05 16:37:10
6262,19689,749,5,2020-09-05 16:37:11
8898,17149,3677,5,2020-09-05 16:37:12
6850,80637,716,3,2020-09-05 16:37:13
6307,74052,1186,1,2020-09-05 16:37:14
7188,80864,4337,5,2020-09-05 16:37:15
7237,61868,3046,3,2020-09-05 16:37:16
7086,54080,2008,5,2020-09-05 16:37:17
8029,71194,2553,2,2020-09-05 16:37:18
7729,73046,3292,2,2020-09-05 16:37:19
6359,26838,1143,3,2020-09-05 16:37:20
8407,32965,4725,5,2020-09-05 16:37:21
6097,59374,449,2,2020-09-05 16:37:22
8025,74820,4688,4,2020-09-05 16:37:23
7678,57989,4581,2,2020-09-05 16:37:24
6218,34823,4495,4,2020-09-05 16:37:25
6723,4047,465,3,2020-09-05 16:37:26
6542,27296,4803,4,2020-09-05 16:37:27
8501,16956,1814,5,2020-09-05 16:37:28
5837,79241,2027,3,2020-09-05 16:37:29
6983,72279,1774,5,2020-09-05 16:37:30
6926,24176,927,4,2020-09-05 16:37:31
7811,84489,3197,5,2020-09-05 16:37:32
7426,89687,4543,2,2020-09-05 16:37:33
6600,26549,506,2,2020-09-05 16:37:34
7195,89676,523,3,2020-09-05 16:37:35
6748,23625,2821,3,2020-09-05 16:37:36
8262,817,562,1,2020-09-05 16:37:37
6708,81382,2279,5,2020-09-05 16:37:38
6218,74150,4495,2,2020-09-05 16:37:39
7040,42508,2587,3,2020-09-05 16:37:40
7787,20902,396,1,2020-09-05 16:37:41
8240,55274,2072,3,2020-09-05 16:37:42
7671,22221,908,1,2020-09-05 16:37:43
6940,5988,1889,4,2020-09-05 16:37:44
8370,11434,2061,5,2020-09-05 16:37:45
8071,4809,3861,3,2020-09-05 16:37:46
6636,27834,1767,5,2020-09-05 16:37:47
7244,71285,4243,2,2020-09-05 16:37:48
6615,40384,107,1,2020-09-05 16:37:49
6250,34090,654,1,2020-09-05 16:37:50
7501,19580,4392,2,2020-09-05 16:37:51
8069,27395,664,5,2020-09-05 16:37:52
5930,78764,438,2,2020-09-05 16:37:53
8000,35412,1629,5,2020-09-05 16:37:54
5989,44424,3570,2,2020-09-05 16:37:55
6897,89,4787,1,2020-09-05 16:37:56
7981,15121,3451,5,2020-09-05 16:37:57
6776,5854,3128,3,2020-09-05 16:37:58
5842,68495,2342,4,2020-09-05 16:37:59
6712,34043,1617,4,2020-09-05 16:38:00
6730,5852,410,4,2020-09-05 16:38:01
5861,74219,3973,2,2020-09-05 16:38:02
7040,15711,2587,3,2020-09-05 16:38:03
8366,35335,4250,2,2020-09-05 16:38:04
6069,20710,4216,1,2020-09-05 16:38:05
6446,23966,1473,4,2020-09-05 16:38:06
7592,87050,4297,1,2020-09-05 16:38:07
7894,34078,2532,4,2020-09-05 16:38:08
8975,74407,4139,1,2020-09-05 16:38:09
6875,22623,830,5,2020-09-05 16:38:10
8572,37834,534,4,2020-09-05 16:38:11
5629,16506,3536,3,2020-09-05 16:38:12
6924,81651,3719,1,2020-09-05 16:38:13
7287,12071,1010,3,2020-09-05 16:38:14
7433,22125,4364,2,2020-09-05 16:38:15
7960,56163,321,4,2020-09-05 16:38:16
7438,386,1735,4,2020-09-05 16:38:17
6062,65271,4725,3,2020-09-05 16:38:18
5808,89003,4182,2,2020-09-05 16:38:19
6725,47950,4797,5,2020-09-05 16:38:20
8254,86029,3181,1,2020-09-05 16:38:21
7608,44413,4892,2,2020-09-05 16:38:22
6074,13932,4821,3,2020-09-05 16:38:23
8185,23793,3086,3,2020-09-05 16:38:24
7608,26952,4892,1,2020-09-05 16:38:25
5851,48671,2280,2,2020-09-05 16:38:26
6508,36106,4993,5,2020-09-05 16:38:27
6677,18306,2182,4,2020-09-05 16:38:28
6241,35447,2263,1,2020-09-05 16:38:29
8536,71832,4846,5,2020-09-05 16:38:30
7958,5159,2350,1,2020-09-05 16:38:31
8474,22452,2925,1,2020-09-05 16:38:32
7999,80242,1246,5,2020-09-05 16:38:33
8432,16252,3058,2,2020-09-05 16:38:34
7427,58757,1845,1,2020-09-05 16:38:35
8313,34897,2036,5,2020-09-05 16:38:36
6757,39199,1028,1,2020-09-05 16:38:37
6072,68537,2142,2,2020-09-05 16:38:38
8453,14043,140,4,2020-09-05 16:38:39
8639,71243,2460,2,2020-09-05 16:38:40
6127,20449,4621,5,2020-09-05 16:38:41
8129,69339,3468,3,2020-09-05 16:38:42
8076,26321,3401,2,2020-09-05 16:38:43
6327,68548,2104,5,2020-09-05 16:38:44
7782,48829,1626,1,2020-09-05 16:38:45
8329,5888,210,3,2020-09-05 16:38:46
8835,442,2504,2,2020-09-05 16:38:47
6532,45152,3450,2,2020-09-05 16:38:48
7772,60354,331,1,2020-09-05 16:38:49
7146,64535,2797,2,2020-09-05 16:38:50
7865,26673,730,2,2020-09-05 16:38:51
8402,78883,1143,2,2020-09-05 16:38:52
8740,6069,2549,2,2020-09-05 16:38:53
8108,47726,1038,3,2020-09-05 16:38:54
7427,74197,1845,1,2020-09-05 16:38:55
6301,62810,2446,1,2020-09-05 16:38:56
8702,41308,1595,1,2020-09-05 16:38:57
8346,81083,3402,3,2020-09-05 16:38:58
6106,48107,1056,2,2020-09-05 16:38:59
5872,83308,196,2,2020-09-05 16:39:00
7411,11801,2679,3,2020-09-05 16:39:01
8024,11414,4506,2,2020-09-05 16:39:02
6796,68386,3820,4,2020-09-05 16:39:03
6317,89799,128,4,2020-09-05 16:39:04
7286,74600,3631,2,2020-09-05 16:39:05
7060,87631,486,1,2020-09-05 16:39:06
8191,64024,4587,3,2020-09-05 16:39:07
8342,68351,700,1,2020-09-05 16:39:08
6246,64347,4513,1,2020-09-05 16:39:09
7826,88373,1188,1,2020-09-05 16:39:10
5748,30129,1386,5,2020-09-05 16:39:11
8373,40333,2984,4,2020-09-05 16:39:12
7536,49447,496,5,2020-09-05 16:39:13
6320,1949,2958,4,2020-09-05 16:39:14
8820,1074,3202,1,2020-09-05 16:39:15
6601,7053,4661,4,2020-09-05 16:39:16
8015,12259,4029,1,2020-09-05 16:39:17
7178,81815,1043,2,2020-09-05 16:39:18
5693,7978,4982,4,2020-09-05 16:39:19
6848,86551,3425,4,2020-09-05 16:39:20
6235,21273,1134,3,2020-09-05 16:39:21
6946,7281,1061,5,2020-09-05 16:39:22
5998,84814,1745,5,2020-09-05 16:39:23
8539,14293,2420,4,2020-09-05 16:39:24
6074,31136,4821,5,2020-09-05 16:39:25
5857,25853,1795,4,2020-09-05 16:39:26
7599,30808,4836,1,2020-09-05 16:39:27
8136,21389,1755,4,2020-09-05 16:39:28
7162,68375,2514,3,2020-09-05 16:39:29
7271,72233,2259,3,2020-09-05 16:39:30
5678,67674,3706,3,2020-09-05 16:39:31
7297,45707,2574,3,2020-09-05 16:39:32
7584,59983,1453,2,2020-09-05 16:39:33
6719,43781,4217,4,2020-09-05 16:39:34
6525,75458,113,4,2020-09-05 16:39:35
5869,72472,3180,4,2020-09-05 16:39:36
8742,6893,4554,3,2020-09-05 16:39:37
8118,61262,4908,2,2020-09-05 16:39:38
7055,48025,2780,3,2020-09-05 16:39:39
5789,44648,1008,3,2020-09-05 16:39:40
8079,39157,4079,3,2020-09-05 16:39:41
5829,78470,4439,1,2020-09-05 16:39:42
6321,9019,2629,1,2020-09-05 16:39:43
6353,79097,2143,2,2020-09-05 16:39:44
7356,87569,720,5,2020-09-05 16:39:45
6518,21978,2159,5,2020-09-05 16:39:46
6530,65450,3602,2,2020-09-05 16:39:47
6668,32081,2037,5,2020-09-05 16:39:48
7885,73950,2914,2,2020-09-05 16:39:49
8528,45511,1022,3,2020-09-05 16:39:50
7899,46500,919,1,2020-09-05 16:39:51
7781,51289,3439,3,2020-09-05 16:39:52
6435,25065,99,3,2020-09-05 16:39:53
8104,76594,2176,3,2020-09-05 16:39:54
5611,82495,1544,5,2020-09-05 16:39:55
5877,16697,694,3,2020-09-05 16:39:56
6857,58034,2237,3,2020-09-05 16:39:57
8828,43703,3697,3,2020-09-05 16:39:58
6744,65657,2550,5,2020-09-05 16:39:59
6290,16232,1450,4,2020-09-05 16:40:00
8866,63666,3355,3,2020-09-05 16:40:01
6620,12659,981,2,2020-09-05 16:40:02
7858,9870,3567,2,2020-09-05 16:40:03
8221,30633,720,1,2020-09-05 16:40:04
7196,22381,4862,5,2020-09-05 16:40:05
7343,20828,4338,3,2020-09-05 16:40:06
7658,32606,4488,4,2020-09-05 16:40:07
8414,858,3262,4,2020-09-05 16:40:08
7719,46778,2451,2,2020-09-05 16:40:09
7912,22963,4828,1,2020-09-05 16:40:10
8506,63150,721,3,2020-09-05 16:40:11
7067,17783,4929,3,2020-09-05 16:40:12
6250,50686,654,4,2020-09-05 16:40:13
8488,61532,2347,1,2020-09-05 16:40:14
7107,59340,2133,4,2020-09-05 16:40:15
7825,57987,1250,3,2020-09-05 16:40:16
8860,3213,1741,5,2020-09-05 16:40:17
5861,54635,3973,2,2020-09-05 16:40:18
8988,2182,4842,3,2020-09-05 16:40:19
7328,39691,4418,1,2020-09-05 16:40:20
7904,87071,4987,2,2020-09-05 16:40:21
8628,33968,1681,3,2020-09-05 16:40:22
8639,15172,2460,2,2020-09-05 16:40:23
5910,20671,4876,4,2020-09-05 16:40:24
7414,13740,1866,3,2020-09-05 16:40:25
5696,8795,4116,3,2020-09-05 16:40:26
7113,73434,3454,3,2020-09-05 16:40:27
8692,78605,3459,3,2020-09-05 16:40:28
7471,64840,4620,1,2020-09-05 16:40:29
7091,44325,4677,2,2020-09-05 16:40:30
6197,10583,698,2,2020-09-05 16:40:31
8442,27842,2867,5,2020-09-05 16:40:32
8554,42286,1448,3,2020-09-05 16:40:33
8381,49711,2768,1,2020-09-05 16:40:34
6933,85774,3200,2,2020-09-05 16:40:35
8977,87824,3781,5,2020-09-05 16:40:36
5971,80369,1268,5,2020-09-05 16:40:37
6664,85162,3745,5,2020-09-05 16:40:38
8383,47390,3317,2,2020-09-05 16:40:39
6385,24403,4439,5,2020-09-05 16:40:40
6537,4470,601,3,2020-09-05 16:40:41
8567,34362,1313,2,2020-09-05 16:40:42
6710,7796,905,5,2020-09-05 16:40:43
7648,78010,863,5,2020-09-05 16:40:44
5633,56868,3415,3,2020-09-05 16:40:45
8053,79736,353,2,2020-09-05 16:40:46
6189,64171,1118,5,2020-09-05 16:40:47
6528,7688,4865,3,2020-09-05 16:40:48
8497,37257,2524,1,2020-09-05 16:40:49
5702,26587,1289,2,2020-09-05 16:40:50
6601,1217,4661,5,2020-09-05 16:40:51
8298,40108,2072,3,2020-09-05 16:40:52
8760,25565,2356,3,2020-09-05 16:40:53
7947,38506,146,5,2020-09-05 16:40:54
6968,74734,4793,4,2020-09-05 16:40:55
7733,8748,2172,1,2020-09-05 16:40:56
8170,68241,3474,5,2020-09-05 16:40:57
6002,2791,66,1,2020-09-05 16:40:58
5631,87363,396,4,2020-09-05 16:40:59
6338,38743,1952,3,2020-09-05 16:41:00
8795,29921,4326,5,2020-09-05 16:41:01
6708,24596,2279,2,2020-09-05 16:41:02
6617,41943,301,3,2020-09-05 16:41:03
8264,56669,1183,4,2020-09-05 16:41:04
5780,87437,1071,4,2020-09-05 16:41:05
5930,38383,438,1,2020-09-05 16:41:06
8806,18839,350,5,2020-09-05 16:41:07
8243,14932,3906,4,2020-09-05 16:41:08
6944,65785,741,3,2020-09-05 16:41:09
5688,72521,1619,4,2020-09-05 16:41:10
7378,61540,4270,2,2020-09-05 16:41:11
6963,13190,3423,2,2020-09-05 16:41:12
5901,2000,1812,4,2020-09-05 16:41:13
8189,16246,366,4,2020-09-05 16:41:14
8485,28269,1293,5,2020-09-05 16:41:15
6754,48292,2813,3,2020-09-05 16:41:16
8487,38241,2260,4,2020-09-05 16:41:17
7831,36192,3709,3,2020-09-05 16:41:18
8571,42124,417,5,2020-09-05 16:41:19
8782,22266,695,4,2020-09-05 16:41:20
8071,6694,3861,5,2020-09-05 16:41:21
5966,4559,1318,5,2020-09-05 16:41:22
7540,71622,4446,2,2020-09-05 16:41:23
8558,86330,1760,2,2020-09-05 16:41:24
7280,76517,3527,2,2020-09-05 16:41:25
7761,2563,4701,1,2020-09-05 16:41:26
7132,19710,1784,2,2020-09-05 16:41:27
8837,16876,2701,5,2020-09-05 16:41:28
5825,8940,4740,5,2020-09-05 16:41:29
7758,57821,3953,1,2020-09-05 16:41:30
6282,21827,1668,2,2020-09-05 16:41:31
8484,73205,4365,2,2020-09-05 16:41:32
7892,58116,560,5,2020-09-05 16:41:33
8565,26302,3327,4,2020-09-05 16:41:34
6653,7989,304,3,2020-09-05 16:41:35
8115,86701,2202,3,2020-09-05 16:41:36
7249,49451,2763,5,2020-09-05 16:41:37
7641,52092,3189,1,2020-09-05 16:41:38
8142,5783,3550,5,2020-09-05 16:41:39
7514,7760,1510,1,2020-09-05 16:41:40
6817,45103,123,2,2020-09-05 16:41:41
6765,11022,256,2,2020-09-05 16:41:42
8275,36410,441,1,2020-09-05 16:41:43
6304,12350,1186,5,2020-09-05 16:41:44
8414,3462,3262,4,2020-09-05 16:41:45
6517,17886,3160,2,2020-09-05 16:41:46
7634,78879,2096,3,2020-09-05 16:41:47
6009,60922,3391,5,2020-09-05 16:41:48
5982,4065,2838,4,2020-09-05 16:41:49
7139,8060,936,5,2020-09-05 16:41:50
8305,59469,3066,1,2020-09-05 16:41:51
8888,44178,4433,3,2020-09-05 16:41:52
7683,475,4121,1,2020-09-05 16:41:53
7344,8322,3945,3,2020-09-05 16:41:54
8476,7289,4538,5,2020-09-05 16:41:55
8523,78939,655,5,2020-09-05 16:41:56
8311,74840,1666,1,2020-09-05 16:41:57
8339,46765,886,5,2020-09-05 16:41:58
8052,11051,1214,2,2020-09-05 16:41:59
8626,81596,77,1,2020-09-05 16:42:00
6971,77511,81,5,2020-09-05 16:42:01
5734,55274,1750,2,2020-09-05 16:42:02
6968,67872,4793,4,2020-09-05 16:42:03
7467,52230,1729,1,2020-09-05 16:42:04
6588,13700,2927,2,2020-09-05 16:42:05
7782,28493,1626,1,2020-09-05 16:42:06
7328,40656,4418,3,2020-09-05 16:42:07
7916,2153,4636,4,2020-09-05 16:42:08
7794,60280,339,5,2020-09-05 16:42:09
6034,28596,2365,5,2020-09-05 16:42:10
7608,70948,4892,5,2020-09-05 16:42:11
8476,45511,4538,4,2020-09-05 16:42:12
6646,60509,2428,1,2020-09-05 16:42:13
6535,8327,895,5,2020-09-05 16:42:14
8573,13491,2718,4,2020-09-05 16:42:15
7868,6283,3457,2,2020-09-05 16:42:16
6241,29156,2263,3,2020-09-05 16:42:17
8986,3397,4418,3,2020-09-05 16:42:18
6530,16281,3602,3,2020-09-05 16:42:19
8540,1647,1494,1,2020-09-05 16:42:20
8518,66624,595,3,2020-09-05 16:42:21
8484,23964,4365,5,2020-09-05 16:42:22
8459,79198,3228,5,2020-09-05 16:42:23
8628,34789,1681,5,2020-09-05 16:42:24
6587,86253,1112,5,2020-09-05 16:42:25
6727,11016,3236,5,2020-09-05 16:42:26
6434,44406,2825,4,2020-09-05 16:42:27
8977,39977,3781,5,2020-09-05 16:42:28
8410,69774,2669,1,2020-09-05 16:42:29
7295,52204,3727,2,2020-09-05 16:42:30
8874,14076,2169,3,2020-09-05 16:42:31
6307,34071,1186,5,2020-09-05 16:42:32
8805,69534,1230,4,2020-09-05 16:42:33
7975,57106,176,3,2020-09-05 16:42:34
6969,86331,1047,4,2020-09-05 16:42:35
5872,86853,196,2,2020-09-05 16:42:36
6083,22905,4833,5,2020-09-05 16:42:37
6433,78291,3234,3,2020-09-05 16:42:38
6070,26984,3523,2,2020-09-05 16:42:39
6509,68476,3121,1,2020-09-05 16:42:40
6375,29849,1836,5,2020-09-05 16:42:41
7306,36652,86,2,2020-09-05 16:42:42
7628,42404,2372,1,2020-09-05 16:42:43
8088,51991,3984,4,2020-09-05 16:42:44
7728,62810,4754,1,2020-09-05 16:42:45
7368,77385,4394,3,2020-09-05 16:42:46
8165,11945,4149,5,2020-09-05 16:42:47
6582,68555,1099,1,2020-09-05 16:42:48
7441,8500,2970,2,2020-09-05 16:42:49
7449,88375,3065,3,2020-09-05 16:42:50
8553,75496,1008,4,2020-09-05 16:42:51
7294,15532,2214,4,2020-09-05 16:42:52
8258,87363,2842,1,2020-09-05 16:42:53
6454,49801,1794,2,2020-09-05 16:42:54
6126,20709,3672,2,2020-09-05 16:42:55
5662,60873,4620,5,2020-09-05 16:42:56
7351,24602,565,3,2020-09-05 16:42:57
8249,63861,769,5,2020-09-05 16:42:58
5680,89403,2641,3,2020-09-05 16:42:59
6355,75028,2474,2,2020-09-05 16:43:00
6971,18886,81,2,2020-09-05 16:43:01
8142,61565,3550,1,2020-09-05 16:43:02
5841,89387,3728,3,2020-09-05 16:43:03
6582,11705,1099,3,2020-09-05 16:43:04
8225,7922,4702,1,2020-09-05 16:43:05
8953,45523,4840,4,2020-09-05 16:43:06
7173,88997,3630,3,2020-09-05 16:43:07
6709,59654,702,5,2020-09-05 16:43:08
7765,30990,100,1,2020-09-05 16:43:09
8693,17202,1521,5,2020-09-05 16:43:10
8198,18987,758,2,2020-09-05 16:43:11
8038,31043,4460,3,2020-09-05 16:43:12
5966,87552,1318,1,2020-09-05 16:43:13
8619,79987,161,2,2020-09-05 16:43:14
8349,68080,4912,5,2020-09-05 16:43:15
8030,27140,2733,4,2020-09-05 16:43:16
8489,1612,252,5,2020-09-05 16:43:17
8847,31731,2417,3,2020-09-05 16:43:18
7612,14906,239,3,2020-09-05 16:43:19
7545,35340,1803,3,2020-09-05 16:43:20
7852,10271,70,1,2020-09-05 16:43:21
8071,86588,3861,1,2020-09-05 16:43:22
8891,2384,3381,3,2020-09-05 16:43:23
6958,76887,2906,5,2020-09-05 16:43:24
7764,28890,3278,1,2020-09-05 16:43:25
8541,53379,1527,4,2020-09-05 16:43:26
6454,66915,1794,1,2020-09-05 16:43:27
6387,3242,3408,3,2020-09-05 16:43:28
8377,21562,2523,4,2020-09-05 16:43:29
7656,45009,3120,4,2020-09-05 16:43:30
7294,31741,2214,4,2020-09-05 16:43:31
5643,58825,1619,1,2020-09-05 16:43:32
7321,8976,4010,4,2020-09-05 16:43:33
8048,38671,1797,4,2020-09-05 16:43:34
7107,14470,2133,3,2020-09-05 16:43:35
5662,28580,4620,1,2020-09-05 16:43:36
8376,27256,4585,2,2020-09-05 16:43:37
6708,67606,2279,1,2020-09-05 16:43:38
5913,36322,4310,3,2020-09-05 16:43:39
6142,56544,4415,2,2020-09-05 16:43:40
8891,60190,3381,4,2020-09-05 16:43:41
7321,53660,4010,4,2020-09-05 16:43:42
8519,72346,3054,2,2020-09-05 16:43:43
8486,77569,3589,2,2020-09-05 16:43:44
5825,48778,4740,3,2020-09-05 16:43:45
6759,64444,1350,1,2020-09-05 16:43:46
7190,13521,2748,2,2020-09-05 16:43:47
5980,61778,4793,2,2020-09-05 16:43:48
5662,47494,4620,4,2020-09-05 16:43:49
8395,14872,366,4,2020-09-05 16:43:50
6800,4831,2616,4,2020-09-05 16:43:51
6352,81398,738,3,2020-09-05 16:43:52
8335,85750,977,5,2020-09-05 16:43:53
7041,70332,534,4,2020-09-05 16:43:54
5679,46072,1454,2,2020-09-05 16:43:55
8213,62987,4656,4,2020-09-05 16:43:56
7452,24483,1608,4,2020-09-05 16:43:57
7030,9501,2933,4,2020-09-05 16:43:58
6347,30719,149,2,2020-09-05 16:43:59
6070,65174,3523,2,2020-09-05 16:44:00
8629,75978,621,1,2020-09-05 16:44:01
8189,76770,366,5,2020-09-05 16:44:02
5874,28156,4587,3,2020-09-05 16:44:03
7506,85127,3978,5,2020-09-05 16:44:04
6302,29432,1717,5,2020-09-05 16:44:05
7487,17034,165,2,2020-09-05 16:44:06
6290,25792,1450,3,2020-09-05 16:44:07
8397,82935,412,5,2020-09-05 16:44:08
8825,10547,1506,4,2020-09-05 16:44:09
5940,53360,4598,3,2020-09-05 16:44:10
8782,23651,695,1,2020-09-05 16:44:11
7850,27380,164,4,2020-09-05 16:44:12
7849,21139,2007,1,2020-09-05 16:44:13
7518,40816,2570,5,2020-09-05 16:44:14
5945,54991,2448,3,2020-09-05 16:44:15
6348,36739,823,1,2020-09-05 16:44:16
8108,55875,1038,1,2020-09-05 16:44:17
8295,50550,206,2,2020-09-05 16:44:18
8074,71841,3289,1,2020-09-05 16:44:19
5809,39527,111,1,2020-09-05 16:44:20
7520,37868,4711,1,2020-09-05 16:44:21
8298,65599,2072,4,2020-09-05 16:44:22
5672,82984,1276,2,2020-09-05 16:44:23
7232,44991,3079,1,2020-09-05 16:44:24
8179,41504,3582,1,2020-09-05 16:44:25
7168,79051,690,1,2020-09-05 16:44:26
7123,28491,4876,2,2020-09-05 16:44:27
6031,86046,2403,2,2020-09-05 16:44:28
6935,85930,4327,5,2020-09-05 16:44:29
8449,7462,4885,1,2020-09-05 16:44:30
6899,46567,1530,4,2020-09-05 16:44:31
7162,61546,2514,5,2020-09-05 16:44:32
7132,54526,1784,3,2020-09-05 16:44:33
7385,26136,1818,1,2020-09-05 16:44:34
7064,2578,965,3,2020-09-05 16:44:35
6850,78019,716,5,2020-09-05 16:44:36
5668,8498,4805,5,2020-09-05 16:44:37
7064,79970,965,2,2020-09-05 16:44:38
7799,33851,1774,1,2020-09-05 16:44:39
6980,17826,2549,3,2020-09-05 16:44:40
8399,2833,563,2,2020-09-05 16:44:41
5888,71128,3797,1,2020-09-05 16:44:42
7273,72756,2077,4,2020-09-05 16:44:43
6355,85138,2474,1,2020-09-05 16:44:44
5656,22536,1689,5,2020-09-05 16:44:45
6356,38963,2224,1,2020-09-05 16:44:46
6573,61032,1292,2,2020-09-05 16:44:47
7951,51880,3892,3,2020-09-05 16:44:48
8103,59636,158,3,2020-09-05 16:44:49
6472,40560,2470,2,2020-09-05 16:44:50
8968,62670,1829,2,2020-09-05 16:44:51
7056,404,3086,3,2020-09-05 16:44:52
5986,33819,3826,3,2020-09-05 16:44:53
6246,8698,4513,4,2020-09-05 16:44:54
6049,27908,3919,2,2020-09-05 16:44:55
5947,38982,2129,1,2020-09-05 16:44:56
7409,80640,3125,2,2020-09-05 16:44:57
7607,66718,1425,3,2020-09-05 16:44:58
8733,34937,1300,1,2020-09-05 16:44:59
6839,73439,3758,5,2020-09-05 16:45:00
6938,35404,3308,4,2020-09-05 16:45:01
8980,59770,2475,5,2020-09-05 16:45:02
5642,45930,4567,5,2020-09-05 16:45:03
8357,1483,2924,1,2020-09-05 16:45:04
6053,25731,1219,4,2020-09-05 16:45:05
6301,25726,2446,2,2020-09-05 16:45:06
7994,54983,2176,4,2020-09-05 16:45:07
8234,34987,169,3,2020-09-05 16:45:08
6538,69267,2256,3,2020-09-05 16:45:09
6162,70119,3522,1,2020-09-05 16:45:10
8466,19554,3965,1,2020-09-05 16:45:11
8082,5296,1533,3,2020-09-05 16:45:12
6346,76989,3045,5,2020-09-05 16:45:13
8774,26528,1765,4,2020-09-05 16:45:14
7500,55040,3285,1,2020-09-05 16:45:15
6601,22958,4661,1,2020-09-05 16:45:16
8532,56127,937,4,2020-09-05 16:45:17
7983,70095,3339,5,2020-09-05 16:45:18
5911,43830,4555,3,2020-09-05 16:45:19
6850,45815,716,2,2020-09-05 16:45:20
7047,72784,4434,5,2020-09-05 16:45:21
8035,57779,4973,1,2020-09-05 16:45:22
6754,64502,2813,1,2020-09-05 16:45:23
8191,64169,4587,1,2020-09-05 16:45:24
6932,21474,2176,5,2020-09-05 16:45:25
8886,65358,1334,5,2020-09-05 16:45:26
5756,21336,4270,1,2020-09-05 16:45:27
5611,42880,1544,1,2020-09-05 16:45:28
5650,44465,4884,5,2020-09-05 16:45:29
8539,354,2420,2,2020-09-05 16:45:30
7987,17865,1535,1,2020-09-05 16:45:31
6754,63697,2813,1,2020-09-05 16:45:32
8321,40214,2125,5,2020-09-05 16:45:33
6210,52995,760,2,2020-09-05 16:45:34
6485,278,2909,4,2020-09-05 16:45:35
6594,33568,1411,3,2020-09-05 16:45:36
8145,126,1143,4,2020-09-05 16:45:37
8390,30013,4096,3,2020-09-05 16:45:38
8512,71339,3430,5,2020-09-05 16:45:39
5635,66833,149,2,2020-09-05 16:45:40
6787,22564,2005,3,2020-09-05 16:45:41
8477,56701,1235,3,2020-09-05 16:45:42
6758,33497,4019,5,2020-09-05 16:45:43
5709,66329,157,4,2020-09-05 16:45:44
6814,64616,2797,4,2020-09-05 16:45:45
5727,83245,2463,5,2020-09-05 16:45:46
8536,2361,4846,2,2020-09-05 16:45:47
7319,29062,4464,3,2020-09-05 16:45:48
5652,79352,90,1,2020-09-05 16:45:49
8450,53768,1077,4,2020-09-05 16:45:50
7840,73045,3143,3,2020-09-05 16:45:51
8204,87331,4309,5,2020-09-05 16:45:52
8964,19277,314,4,2020-09-05 16:45:53
8941,6134,4224,3,2020-09-05 16:45:54
7540,24677,4446,1,2020-09-05 16:45:55
7434,43135,630,2,2020-09-05 16:45:56
8039,53042,935,1,2020-09-05 16:45:57
7565,3731,2498,5,2020-09-05 16:45:58
8203,20452,4007,4,2020-09-05 16:45:59
6312,15438,3996,1,2020-09-05 16:46:00
6169,9165,4232,1,2020-09-05 16:46:01
7110,39907,4974,3,2020-09-05 16:46:02
7901,74111,1196,3,2020-09-05 16:46:03
6671,54740,2601,3,2020-09-05 16:46:04
6537,88721,601,5,2020-09-05 16:46:05
6060,14052,227,1,2020-09-05 16:46:06
7281,15730,2448,3,2020-09-05 16:46:07
8311,38562,1666,1,2020-09-05 16:46:08
8103,84141,158,2,2020-09-05 16:46:09
5910,11776,4876,1,2020-09-05 16:46:10
8970,81131,2870,5,2020-09-05 16:46:11
7833,77529,426,4,2020-09-05 16:46:12
6897,6330,4787,1,2020-09-05 16:46:13
7942,69964,2183,3,2020-09-05 16:46:14
7609,30990,3920,4,2020-09-05 16:46:15
7801,34935,594,5,2020-09-05 16:46:16
7051,67915,580,5,2020-09-05 16:46:17
8770,87752,4533,3,2020-09-05 16:46:18
7575,6523,3761,2,2020-09-05 16:46:19
5709,45988,157,1,2020-09-05 16:46:20
8981,3102,3089,5,2020-09-05 16:46:21
7697,81478,4202,5,2020-09-05 16:46:22
7753,88500,1153,4,2020-09-05 16:46:23
5690,11903,2560,2,2020-09-05 16:46:24
6719,25432,4217,1,2020-09-05 16:46:25
8075,45517,618,2,2020-09-05 16:46:26
7906,81278,1951,3,2020-09-05 16:46:27
5652,4759,90,3,2020-09-05 16:46:28
6090,9600,1292,1,2020-09-05 16:46:29
8940,52951,3715,4,2020-09-05 16:46:30
6267,88828,2748,1,2020-09-05 16:46:31
7380,50630,1461,4,2020-09-05 16:46:32
6882,76886,2740,1,2020-09-05 16:46:33
5960,4483,1126,2,2020-09-05 16:46:34
5911,41952,4555,4,2020-09-05 16:46:35
7680,9882,973,2,2020-09-05 16:46:36
6917,1764,490,3,2020-09-05 16:46:37
6978,23402,1782,1,2020-09-05 16:46:38
6936,9787,3340,4,2020-09-05 16:46:39
8502,28683,264,3,2020-09-05 16:46:40
5654,46387,3861,3,2020-09-05 16:46:41
5607,19231,1164,1,2020-09-05 16:46:42
7365,46684,2741,5,2020-09-05 16:46:43
8136,30567,1755,5,2020-09-05 16:46:44
6386,43415,3572,3,2020-09-05 16:46:45
8941,58326,4224,2,2020-09-05 16:46:46
6868,33540,4800,4,2020-09-05 16:46:47
7740,70604,4415,5,2020-09-05 16:46:48
5706,6148,317,5,2020-09-05 16:46:49
8532,58827,937,2,2020-09-05 16:46:50
7518,79647,2570,4,2020-09-05 16:46:51
6040,56116,4221,5,2020-09-05 16:46:52
8854,30594,1492,1,2020-09-05 16:46:53
7186,10510,2691,3,2020-09-05 16:46:54
6315,77783,4825,3,2020-09-05 16:46:55
8156,53869,2011,4,2020-09-05 16:46:56
8969,57147,4612,2,2020-09-05 16:46:57
7009,11809,4850,2,2020-09-05 16:46:58
6932,76483,2176,4,2020-09-05 16:46:59
8967,24593,4385,5,2020-09-05 16:47:00
8005,9600,3558,4,2020-09-05 16:47:01
6123,18088,4075,5,2020-09-05 16:47:02
6154,58622,1122,1,2020-09-05 16:47:03
7204,59580,4523,3,2020-09-05 16:47:04
8313,38455,2036,4,2020-09-05 16:47:05
6782,21568,2391,3,2020-09-05 16:47:06
6749,25232,1544,5,2020-09-05 16:47:07
6841,7182,1816,2,2020-09-05 16:47:08
6681,56627,836,3,2020-09-05 16:47:09
8225,23997,4702,3,2020-09-05 16:47:10
6451,61744,3339,4,2020-09-05 16:47:11
7834,78076,1109,4,2020-09-05 16:47:12
6276,45518,522,3,2020-09-05 16:47:13
7971,76138,405,2,2020-09-05 16:47:14
5901,67505,1812,3,2020-09-05 16:47:15
7954,11093,3590,5,2020-09-05 16:47:16
5941,51498,3577,4,2020-09-05 16:47:17
7591,75334,3770,1,2020-09-05 16:47:18
8685,64164,512,1,2020-09-05 16:47:19
7381,50173,1243,3,2020-09-05 16:47:20
8635,38477,122,5,2020-09-05 16:47:21
6168,73192,1638,5,2020-09-05 16:47:22
7409,30126,3125,4,2020-09-05 16:47:23
6866,32566,2869,1,2020-09-05 16:47:24
8024,28746,4506,3,2020-09-05 16:47:25
6703,31916,1007,4,2020-09-05 16:47:26
5834,8722,1877,2,2020-09-05 16:47:27
8313,80073,2036,4,2020-09-05 16:47:28
7241,39348,993,3,2020-09-05 16:47:29
8589,32672,631,4,2020-09-05 16:47:30
7788,66731,4244,1,2020-09-05 16:47:31
8861,41732,661,5,2020-09-05 16:47:32
6638,16201,3802,5,2020-09-05 16:47:33
6646,86126,2428,3,2020-09-05 16:47:34
8489,41474,252,4,2020-09-05 16:47:35
6440,27724,3674,1,2020-09-05 16:47:36
7002,61178,1500,1,2020-09-05 16:47:37
6462,6947,2616,5,2020-09-05 16:47:38
6946,84691,1061,2,2020-09-05 16:47:39
7881,83840,2414,3,2020-09-05 16:47:40
6325,7680,4073,4,2020-09-05 16:47:41
5880,84912,431,3,2020-09-05 16:47:42
7164,41252,2018,5,2020-09-05 16:47:43
7296,38550,3079,2,2020-09-05 16:47:44
6276,58164,522,5,2020-09-05 16:47:45
6785,36163,4764,3,2020-09-05 16:47:46
7343,56929,4338,3,2020-09-05 16:47:47
7917,38,2254,3,2020-09-05 16:47:48
8429,29854,3156,2,2020-09-05 16:47:49
6162,14003,3522,5,2020-09-05 16:47:50
6282,33144,1668,1,2020-09-05 16:47:51
7078,66848,1444,1,2020-09-05 16:47:52
5664,72823,3546,2,2020-09-05 16:47:53
7628,23814,2372,5,2020-09-05 16:47:54
6374,28736,1860,2,2020-09-05 16:47:55
7098,40638,3803,5,2020-09-05 16:47:56
7385,60672,1818,1,2020-09-05 16:47:57
6032,5295,2910,3,2020-09-05 16:47:58
8518,40427,595,4,2020-09-05 16:47:59
6535,53632,895,5,2020-09-05 16:48:00
8749,67670,4418,2,2020-09-05 16:48:01
6019,14572,1419,5,2020-09-05 16:48:02
6882,20970,2740,2,2020-09-05 16:48:03
8758,15189,3775,3,2020-09-05 16:48:04
7660,65753,3254,5,2020-09-05 16:48:05
6521,85198,2873,1,2020-09-05 16:48:06
6551,19188,1078,3,2020-09-05 16:48:07
8018,47327,4300,2,2020-09-05 16:48:08
6484,75291,3975,2,2020-09-05 16:48:09
5678,89484,3706,3,2020-09-05 16:48:10
8024,87466,4506,2,2020-09-05 16:48:11
5708,87243,1569,5,2020-09-05 16:48:12
8714,13566,3174,3,2020-09-05 16:48:13
7342,40210,2062,4,2020-09-05 16:48:14
7131,2960,887,2,2020-09-05 16:48:15
7791,42201,2138,5,2020-09-05 16:48:16
5829,82711,4439,4,2020-09-05 16:48:17
6315,18400,4825,4,2020-09-05 16:48:18
8462,62121,2281,3,2020-09-05 16:48:19
7769,76154,3048,4,2020-09-05 16:48:20
6020,14122,3279,2,2020-09-05 16:48:21
6813,64986,1519,1,2020-09-05 16:48:22
7591,487,3770,2,2020-09-05 16:48:23
5668,2165,4805,4,2020-09-05 16:48:24
8796,25477,528,4,2020-09-05 16:48:25
5670,64661,2853,4,2020-09-05 16:48:26
8492,20898,4091,1,2020-09-05 16:48:27
6773,17915,3516,4,2020-09-05 16:48:28
8192,87092,2559,1,2020-09-05 16:48:29
5613,14687,1119,2,2020-09-05 16:48:30
6253,78356,1763,4,2020-09-05 16:48:31
7872,43466,576,5,2020-09-05 16:48:32
6602,77381,565,4,2020-09-05 16:48:33
8073,2085,4440,3,2020-09-05 16:48:34
6042,23449,4820,5,2020-09-05 16:48:35
8094,47924,858,3,2020-09-05 16:48:36
7701,28114,802,4,2020-09-05 16:48:37
7903,6287,797,3,2020-09-05 16:48:38
6299,61359,2864,1,2020-09-05 16:48:39
8480,19076,720,5,2020-09-05 16:48:40
7009,79429,4850,5,2020-09-05 16:48:41
6302,60627,1717,5,2020-09-05 16:48:42
6909,50736,3620,3,2020-09-05 16:48:43
6990,45673,406,4,2020-09-05 16:48:44
5831,45150,4728,2,2020-09-05 16:48:45
7766,40182,3656,5,2020-09-05 16:48:46
8918,46566,2420,2,2020-09-05 16:48:47
5725,84912,1304,3,2020-09-05 16:48:48
8817,18729,1233,1,2020-09-05 16:48:49
6129,30213,2665,2,2020-09-05 16:48:50
6098,6403,2273,5,2020-09-05 16:48:51
7475,62889,3649,4,2020-09-05 16:48:52
6214,86343,4748,2,2020-09-05 16:48:53
6099,48141,2117,1,2020-09-05 16:48:54
7978,41996,4189,1,2020-09-05 16:48:55
6725,28444,4797,5,2020-09-05 16:48:56
5662,60077,4620,4,2020-09-05 16:48:57
8647,88478,3823,3,2020-09-05 16:48:58
8081,45226,3783,3,2020-09-05 16:48:59
6303,81099,2098,4,2020-09-05 16:49:00
6573,43134,1292,5,2020-09-05 16:49:01
7960,3593,321,1,2020-09-05 16:49:02
6753,48024,558,5,2020-09-05 16:49:03
8317,85601,1130,5,2020-09-05 16:49:04
8177,54556,3101,5,2020-09-05 16:49:05
6738,17855,4884,4,2020-09-05 16:49:06
8203,71529,4007,2,2020-09-05 16:49:07
8324,9549,3654,5,2020-09-05 16:49:08
6739,42165,230,1,2020-09-05 16:49:09
7934,66817,4391,2,2020-09-05 16:49:10
8363,40303,4895,1,2020-09-05 16:49:11
7188,85871,4337,4,2020-09-05 16:49:12
7218,28430,3326,1,2020-09-05 16:49:13
7879,83773,513,2,2020-09-05 16:49:14
6612,6740,4690,3,2020-09-05 16:49:15
7638,15235,3758,4,2020-09-05 16:49:16
6666,45394,296,1,2020-09-05 16:49:17
6565,82008,2892,4,2020-09-05 16:49:18
6099,70118,2117,4,2020-09-05 16:49:19
6316,20907,4070,5,2020-09-05 16:49:20
7035,76732,1223,3,2020-09-05 16:49:21
6145,74286,280,2,2020-09-05 16:49:22
7449,23090,3065,2,2020-09-05 16:49:23
8850,61330,1827,3,2020-09-05 16:49:24
8820,46285,3202,3,2020-09-05 16:49:25
7115,27553,169,1,2020-09-05 16:49:26
6377,12241,79,5,2020-09-05 16:49:27
8909,22084,3166,1,2020-09-05 16:49:28
8347,9560,4404,5,2020-09-05 16:49:29
6754,48671,2813,4,2020-09-05 16:49:30
7917,35971,2254,2,2020-09-05 16:49:31
8881,22750,2296,1,2020-09-05 16:49:32
5763,40379,1823,4,2020-09-05 16:49:33
7896,37856,3911,1,2020-09-05 16:49:34
7319,39324,4464,1,2020-09-05 16:49:35
6215,80192,3095,5,2020-09-05 16:49:36
8265,84884,762,4,2020-09-05 16:49:37
8487,86170,2260,3,2020-09-05 16:49:38
5808,31541,4182,5,2020-09-05 16:49:39
7474,87487,654,3,2020-09-05 16:49:40
7709,80166,606,3,2020-09-05 16:49:41
6220,85014,1015,2,2020-09-05 16:49:42
6839,22085,3758,4,2020-09-05 16:49:43
5764,14125,4884,4,2020-09-05 16:49:44
5927,47767,897,2,2020-09-05 16:49:45
6301,37001,2446,5,2020-09-05 16:49:46
6681,971,836,4,2020-09-05 16:49:47
8963,57717,2639,2,2020-09-05 16:49:48
8685,78770,512,4,2020-09-05 16:49:49
8151,67508,709,3,2020-09-05 16:49:50
8111,16538,2622,3,2020-09-05 16:49:51
8302,48844,1229,1,2020-09-05 16:49:52
6493,12799,2985,1,2020-09-05 16:49:53
7689,43629,2216,3,2020-09-05 16:49:54
7826,35281,1188,1,2020-09-05 16:49:55
7217,52101,715,1,2020-09-05 16:49:56
7180,77460,2879,2,2020-09-05 16:49:57
8555,27293,224,3,2020-09-05 16:49:58
8459,68510,3228,3,2020-09-05 16:49:59
7473,76,2700,3,2020-09-05 16:50:00
6142,55538,4415,5,2020-09-05 16:50:01
8873,27435,3442,5,2020-09-05 16:50:02
8339,81168,886,1,2020-09-05 16:50:03
6608,8336,1928,1,2020-09-05 16:50:04
7471,79176,4620,5,2020-09-05 16:50:05
6762,27600,3223,1,2020-09-05 16:50:06
5772,75714,4214,5,2020-09-05 16:50:07
8817,50690,1233,5,2020-09-05 16:50:08
6098,69384,2273,2,2020-09-05 16:50:09
8982,20998,3426,3,2020-09-05 16:50:10
6103,85814,1818,3,2020-09-05 16:50:11
7957,45325,4109,4,2020-09-05 16:50:12
7592,7517,4297,3,2020-09-05 16:50:13
7766,6771,3656,2,2020-09-05 16:50:14
6080,68131,3004,5,2020-09-05 16:50:15
6167,15273,1210,2,2020-09-05 16:50:16
6618,14027,4748,2,2020-09-05 16:50:17
6215,67616,3095,5,2020-09-05 16:50:18
7071,66389,1727,3,2020-09-05 16:50:19
8885,30735,2901,1,2020-09-05 16:50:20
7977,13706,4157,4,2020-09-05 16:50:21
6194,22156,3580,4,2020-09-05 16:50:22
7680,64331,973,2,2020-09-05 16:50:23
8484,51028,4365,3,2020-09-05 16:50:24
7661,82924,4446,2,2020-09-05 16:50:25
6968,45909,4793,1,2020-09-05 16:50:26
5954,25125,1751,5,2020-09-05 16:50:27
7150,34419,3727,1,2020-09-05 16:50:28
8170,14509,3474,2,2020-09-05 16:50:29
7015,45870,3096,4,2020-09-05 16:50:30
6668,30980,2037,1,2020-09-05 16:50:31
6049,18301,3919,5,2020-09-05 16:50:32
8960,67488,1603,2,2020-09-05 16:50:33
7923,9812,369,3,2020-09-05 16:50:34
8191,59199,4587,2,2020-09-05 16:50:35
8499,9774,3386,4,2020-09-05 16:50:36
5650,65623,4884,3,2020-09-05 16:50:37
7533,54334,4172,4,2020-09-05 16:50:38
6010,63480,4463,4,2020-09-05 16:50:39
8854,52825,1492,3,2020-09-05 16:50:40
8860,48960,1741,4,2020-09-05 16:50:41
5951,25294,3299,5,2020-09-05 16:50:42
8692,59559,3459,5,2020-09-05 16:50:43
7241,20809,993,2,2020-09-05 16:50:44
5714,55132,1845,2,2020-09-05 16:50:45
6139,51616,1139,2,2020-09-05 16:50:46
5809,38941,111,3,2020-09-05 16:50:47
7392,55987,3974,4,2020-09-05 16:50:48
8417,12241,1882,4,2020-09-05 16:50:49
8910,23657,3698,3,2020-09-05 16:50:50
6521,43955,2873,3,2020-09-05 16:50:51
7994,87117,2176,3,2020-09-05 16:50:52
6390,58810,2830,1,2020-09-05 16:50:53
6295,55547,282,5,2020-09-05 16:50:54
6409,71152,4413,5,2020-09-05 16:50:55
8580,13709,220,3,2020-09-05 16:50:56
5633,73202,3415,5,2020-09-05 16:50:57
5706,68512,317,2,2020-09-05 16:50:58
8760,18075,2356,1,2020-09-05 16:50:59
8603,75531,509,3,2020-09-05 16:51:00
6013,56290,1456,2,2020-09-05 16:51:01
7174,82448,1091,2,2020-09-05 16:51:02
7974,59347,1131,4,2020-09-05 16:51:03
7849,37628,2007,1,2020-09-05 16:51:04
7981,16349,3451,4,2020-09-05 16:51:05
7473,57072,2700,5,2020-09-05 16:51:06
8294,64389,4058,2,2020-09-05 16:51:07
6731,85324,4074,5,2020-09-05 16:51:08
8487,51092,2260,1,2020-09-05 16:51:09
7486,52843,1344,2,2020-09-05 16:51:10
6329,89121,4682,1,2020-09-05 16:51:11
8803,46669,310,4,2020-09-05 16:51:12
8301,16069,1594,3,2020-09-05 16:51:13
6833,16003,1482,1,2020-09-05 16:51:14
6484,51614,3975,1,2020-09-05 16:51:15
8940,35510,3715,2,2020-09-05 16:51:16
8841,13700,4660,3,2020-09-05 16:51:17
8885,9208,2901,2,2020-09-05 16:51:18
8711,59393,3391,3,2020-09-05 16:51:19
8407,59208,4725,2,2020-09-05 16:51:20
8318,64929,4610,5,2020-09-05 16:51:21
6218,7919,4495,2,2020-09-05 16:51:22
7015,29297,3096,5,2020-09-05 16:51:23
7491,67035,1434,2,2020-09-05 16:51:24
6060,31084,227,2,2020-09-05 16:51:25
7449,84864,3065,5,2020-09-05 16:51:26
7890,63852,4621,1,2020-09-05 16:51:27
7571,70458,1024,3,2020-09-05 16:51:28
8251,86442,3029,4,2020-09-05 16:51:29
7223,6418,2483,3,2020-09-05 16:51:30
8895,50732,1729,5,2020-09-05 16:51:31
7192,8054,918,2,2020-09-05 16:51:32
7500,33769,3285,2,2020-09-05 16:51:33
7594,67793,827,1,2020-09-05 16:51:34
5861,17535,3973,5,2020-09-05 16:51:35
5758,44801,294,2,2020-09-05 16:51:36
6302,45226,1717,3,2020-09-05 16:51:37
8915,56240,972,2,2020-09-05 16:51:38
7003,10223,3186,4,2020-09-05 16:51:39
8135,66313,4438,1,2020-09-05 16:51:40
6047,89967,3056,5,2020-09-05 16:51:41
6969,40096,1047,1,2020-09-05 16:51:42
7142,54474,147,5,2020-09-05 16:51:43
8962,70414,2618,1,2020-09-05 16:51:44
7355,56037,1958,2,2020-09-05 16:51:45
7277,66362,4321,5,2020-09-05 16:51:46
6931,13357,4895,2,2020-09-05 16:51:47
8894,21260,640,1,2020-09-05 16:51:48
5683,57710,2310,1,2020-09-05 16:51:49
8198,16985,758,1,2020-09-05 16:51:50
6594,31387,1411,4,2020-09-05 16:51:51
8146,3962,2768,4,2020-09-05 16:51:52
7474,15021,654,5,2020-09-05 16:51:53
5740,89750,1465,2,2020-09-05 16:51:54
7384,87048,650,1,2020-09-05 16:51:55
8460,61087,598,2,2020-09-05 16:51:56
7840,16339,3143,2,2020-09-05 16:51:57
7287,47779,1010,2,2020-09-05 16:51:58
8822,33409,4683,4,2020-09-05 16:51:59
8193,34528,2242,1,2020-09-05 16:52:00
7566,14090,1137,2,2020-09-05 16:52:01
6975,4905,1201,2,2020-09-05 16:52:02
7745,3162,797,5,2020-09-05 16:52:03
7897,47034,3578,1,2020-09-05 16:52:04
8099,3754,1831,3,2020-09-05 16:52:05
6916,70735,888,1,2020-09-05 16:52:06
8987,79528,1188,5,2020-09-05 16:52:07
8305,65337,3066,4,2020-09-05 16:52:08
8342,87172,700,3,2020-09-05 16:52:09
6050,57019,4182,5,2020-09-05 16:52:10
8035,21305,4973,2,2020-09-05 16:52:11
8862,88420,2956,3,2020-09-05 16:52:12
7190,26746,2748,2,2020-09-05 16:52:13
6600,57300,506,1,2020-09-05 16:52:14
6189,79152,1118,2,2020-09-05 16:52:15
8386,23486,3081,2,2020-09-05 16:52:16
8560,1020,4247,4,2020-09-05 16:52:17
6222,18886,1617,4,2020-09-05 16:52:18
7513,6962,1319,5,2020-09-05 16:52:19
6436,51930,3413,5,2020-09-05 16:52:20
5931,64875,4912,1,2020-09-05 16:52:21
8336,57331,4572,4,2020-09-05 16:52:22
5834,82416,1877,3,2020-09-05 16:52:23
8932,56992,4842,3,2020-09-05 16:52:24
6646,14944,2428,1,2020-09-05 16:52:25
7558,62394,2262,2,2020-09-05 16:52:26
7978,75129,4189,1,2020-09-05 16:52:27
6412,23910,938,4,2020-09-05 16:52:28
7635,82420,4829,5,2020-09-05 16:52:29
8804,22526,3116,2,2020-09-05 16:52:30
8302,60859,1229,2,2020-09-05 16:52:31
8820,27805,3202,5,2020-09-05 16:52:32
7946,35603,2746,2,2020-09-05 16:52:33
8817,19803,1233,3,2020-09-05 16:52:34
5780,71185,1071,3,2020-09-05 16:52:35
7470,82799,4979,4,2020-09-05 16:52:36
6535,71872,895,3,2020-09-05 16:52:37
6197,32376,698,4,2020-09-05 16:52:38
6583,81091,4728,1,2020-09-05 16:52:39
8666,35965,1369,4,2020-09-05 16:52:40
5642,7121,4567,3,2020-09-05 16:52:41
7302,6227,1683,3,2020-09-05 16:52:42
6329,32555,4682,2,2020-09-05 16:52:43
5804,88645,387,2,2020-09-05 16:52:44
8284,21576,4455,5,2020-09-05 16:52:45
6232,68173,3443,5,2020-09-05 16:52:46
6187,6997,2864,4,2020-09-05 16:52:47
5669,26570,1983,5,2020-09-05 16:52:48
8076,4562,3401,2,2020-09-05 16:52:49
6058,33803,57,2,2020-09-05 16:52:50
5985,62600,653,2,2020-09-05 16:52:51
7170,41976,1114,2,2020-09-05 16:52:52
7501,76166,4392,5,2020-09-05 16:52:53
5681,31623,1062,3,2020-09-05 16:52:54
7536,30960,496,1,2020-09-05 16:52:55
7983,85952,3339,3,2020-09-05 16:52:56
8701,52948,3654,2,2020-09-05 16:52:57
5958,44154,2683,4,2020-09-05 16:52:58
6716,68618,3999,5,2020-09-05 16:52:59
8731,45340,146,2,2020-09-05 16:53:00
6314,38946,3725,3,2020-09-05 16:53:01
8299,81467,3078,2,2020-09-05 16:53:02
7648,46476,863,1,2020-09-05 16:53:03
8953,88690,4840,1,2020-09-05 16:53:04
5949,18707,2516,4,2020-09-05 16:53:05
7962,27940,2130,4,2020-09-05 16:53:06
7832,13471,3238,3,2020-09-05 16:53:07
6087,32720,2008,1,2020-09-05 16:53:08
8804,42809,3116,4,2020-09-05 16:53:09
7745,28936,797,2,2020-09-05 16:53:10
7260,56689,3291,3,2020-09-05 16:53:11
6325,41311,4073,1,2020-09-05 16:53:12
8817,3485,1233,3,2020-09-05 16:53:13
6352,57987,738,5,2020-09-05 16:53:14
7113,44406,3454,1,2020-09-05 16:53:15
6805,37108,566,2,2020-09-05 16:53:16
7270,38622,3389,2,2020-09-05 16:53:17
6235,42490,1134,3,2020-09-05 16:53:18
6857,14679,2237,1,2020-09-05 16:53:19
7701,89368,802,4,2020-09-05 16:53:20
6916,12096,888,3,2020-09-05 16:53:21
8646,2533,579,5,2020-09-05 16:53:22
7892,43212,560,2,2020-09-05 16:53:23
7019,43364,2988,3,2020-09-05 16:53:24
8052,32558,1214,1,2020-09-05 16:53:25
7401,72327,3701,4,2020-09-05 16:53:26
6784,18846,4430,4,2020-09-05 16:53:27
8840,3746,4114,1,2020-09-05 16:53:28
8683,69854,4416,5,2020-09-05 16:53:29
6857,7475,2237,5,2020-09-05 16:53:30
6636,55736,1767,2,2020-09-05 16:53:31
7740,16069,4415,2,2020-09-05 16:53:32
7109,59932,1086,2,2020-09-05 16:53:33
7312,23511,2778,4,2020-09-05 16:53:34
7826,87074,1188,2,2020-09-05 16:53:35
6245,70536,527,3,2020-09-05 16:53:36
6980,54019,2549,1,2020-09-05 16:53:37
7518,37448,2570,1,2020-09-05 16:53:38
6974,10906,2341,5,2020-09-05 16:53:39
8158,52983,2310,1,2020-09-05 16:53:40
6485,38320,2909,1,2020-09-05 16:53:41
7518,21154,2570,5,2020-09-05 16:53:42
7514,64981,1510,2,2020-09-05 16:53:43
6503,19861,4635,3,2020-09-05 16:53:44
6429,76822,1711,4,2020-09-05 16:53:45
8130,33655,1095,4,2020-09-05 16:53:46
6871,64820,1119,5,2020-09-05 16:53:47
6926,20727,927,1,2020-09-05 16:53:48
8660,52917,90,1,2020-09-05 16:53:49
7031,28612,1513,1,2020-09-05 16:53:50
7685,82086,280,5,2020-09-05 16:53:51
7345,7192,143,2,2020-09-05 16:53:52
7132,73390,1784,2,2020-09-05 16:53:53
7348,58921,3009,1,2020-09-05 16:53:54
8668,50098,176,1,2020-09-05 16:53:55
5927,24065,897,1,2020-09-05 16:53:56
8822,89511,4683,5,2020-09-05 16:53:57
5845,24859,3593,4,2020-09-05 16:53:58
7641,68052,3189,5,2020-09-05 16:53:59
6879,20882,562,3,2020-09-05 16:54:00
6635,58573,1173,4,2020-09-05 16:54:01
8533,17505,1611,4,2020-09-05 16:54:02
6259,57262,4028,4,2020-09-05 16:54:03
7339,71132,4710,3,2020-09-05 16:54:04
6309,16593,3195,3,2020-09-05 16:54:05
7515,73347,612,2,2020-09-05 16:54:06
6724,40916,4622,1,2020-09-05 16:54:07
5966,88373,1318,3,2020-09-05 16:54:08
6055,72057,3955,3,2020-09-05 16:54:09
6131,26399,2011,2,2020-09-05 16:54:10
8239,64719,4986,4,2020-09-05 16:54:11
7883,35365,879,5,2020-09-05 16:54:12
7342,55050,2062,5,2020-09-05 16:54:13
7983,52938,3339,2,2020-09-05 16:54:14
6499,74608,1503,1,2020-09-05 16:54:15
7716,58212,3978,2,2020-09-05 16:54:16
8139,60954,1250,1,2020-09-05 16:54:17
8312,19489,973,1,2020-09-05 16:54:18
5959,6072,1251,3,2020-09-05 16:54:19
7024,22452,4383,2,2020-09-05 16:54:20
6326,54649,1769,2,2020-09-05 16:54:21
6499,51992,1503,2,2020-09-05 16:54:22
6637,48892,3973,2,2020-09-05 16:54:23
8627,61971,1536,5,2020-09-05 16:54:24
7465,14048,2398,5,2020-09-05 16:54:25
8210,86082,1454,1,2020-09-05 16:54:26
6189,6961,1118,3,2020-09-05 16:54:27
5736,40084,3481,2,2020-09-05 16:54:28
5930,17668,438,1,2020-09-05 16:54:29
8316,50475,1363,4,2020-09-05 16:54:30
7459,69374,2499,2,2020-09-05 16:54:31
8903,83329,2430,3,2020-09-05 16:54:32
7249,12652,2763,3,2020-09-05 16:54:33
7597,27787,4263,3,2020-09-05 16:54:34
7685,75574,280,2,2020-09-05 16:54:35
8712,78375,3036,2,2020-09-05 16:54:36
7952,40535,1765,3,2020-09-05 16:54:37
6032,55060,2910,4,2020-09-05 16:54:38
6924,55502,3719,3,2020-09-05 16:54:39
6776,4808,3128,3,2020-09-05 16:54:40
7212,67852,2316,3,2020-09-05 16:54:41
7432,76025,2649,3,2020-09-05 16:54:42
5763,42816,1823,1,2020-09-05 16:54:43
7278,35779,4740,4,2020-09-05 16:54:44
8127,57957,3924,3,2020-09-05 16:54:45
7117,75549,3432,3,2020-09-05 16:54:46
8697,40890,4457,5,2020-09-05 16:54:47
6143,72372,2633,2,2020-09-05 16:54:48
7539,84832,3459,1,2020-09-05 16:54:49
7831,83697,3709,1,2020-09-05 16:54:50
6541,27593,4250,2,2020-09-05 16:54:51
7460,7688,1455,1,2020-09-05 16:54:52
8714,37356,3174,4,2020-09-05 16:54:53
6060,40272,227,5,2020-09-05 16:54:54
8166,84934,4644,5,2020-09-05 16:54:55
5636,33733,212,3,2020-09-05 16:54:56
7781,82453,3439,4,2020-09-05 16:54:57
5643,56840,1619,1,2020-09-05 16:54:58
5698,79739,900,3,2020-09-05 16:54:59
7733,2487,2172,4,2020-09-05 16:55:00
6421,31174,2645,1,2020-09-05 16:55:01
6242,10584,1561,4,2020-09-05 16:55:02
7113,23629,3454,4,2020-09-05 16:55:03
8106,87551,769,3,2020-09-05 16:55:04
6131,62945,2011,1,2020-09-05 16:55:05
6866,44837,2869,1,2020-09-05 16:55:06
6530,26428,3602,4,2020-09-05 16:55:07
8131,80827,1511,5,2020-09-05 16:55:08
5872,64690,196,4,2020-09-05 16:55:09
7475,54429,3649,2,2020-09-05 16:55:10
7381,11877,1243,1,2020-09-05 16:55:11
5652,87986,90,5,2020-09-05 16:55:12
7493,12525,432,2,2020-09-05 16:55:13
6724,41187,4622,4,2020-09-05 16:55:14
7411,67706,2679,1,2020-09-05 16:55:15
8323,88362,755,2,2020-09-05 16:55:16
6213,4774,4752,2,2020-09-05 16:55:17
7068,7601,4323,1,2020-09-05 16:55:18
6546,18703,4330,5,2020-09-05 16:55:19
6245,60215,527,1,2020-09-05 16:55:20
8699,9427,2016,3,2020-09-05 16:55:21
8066,72232,3537,2,2020-09-05 16:55:22
7419,25669,4383,1,2020-09-05 16:55:23
5707,32346,3776,5,2020-09-05 16:55:24
7976,40498,3490,3,2020-09-05 16:55:25
6450,49801,2741,5,2020-09-05 16:55:26
7320,2387,2892,2,2020-09-05 16:55:27
7558,24979,2262,4,2020-09-05 16:55:28
6963,8933,3423,2,2020-09-05 16:55:29
7983,46027,3339,3,2020-09-05 16:55:30
8608,9302,2097,5,2020-09-05 16:55:31
7975,29079,176,5,2020-09-05 16:55:32
6591,37528,709,2,2020-09-05 16:55:33
8050,3968,91,2,2020-09-05 16:55:34
7764,6189,3278,5,2020-09-05 16:55:35
8055,22452,528,2,2020-09-05 16:55:36
7592,60233,4297,1,2020-09-05 16:55:37
7681,4365,704,3,2020-09-05 16:55:38
7988,69321,637,2,2020-09-05 16:55:39
8189,86355,366,1,2020-09-05 16:55:40
8294,57310,4058,3,2020-09-05 16:55:41
5916,9993,3661,3,2020-09-05 16:55:42
7648,71817,863,2,2020-09-05 16:55:43
7863,69412,3444,4,2020-09-05 16:55:44
8411,20129,2828,5,2020-09-05 16:55:45
6583,80731,4728,3,2020-09-05 16:55:46
6033,52176,4726,1,2020-09-05 16:55:47
5675,17205,3847,4,2020-09-05 16:55:48
6929,25653,727,4,2020-09-05 16:55:49
7462,49759,4065,3,2020-09-05 16:55:50
7271,29373,2259,3,2020-09-05 16:55:51
7439,40091,2279,5,2020-09-05 16:55:52
8608,11386,2097,5,2020-09-05 16:55:53
5734,10952,1750,2,2020-09-05 16:55:54
6645,50104,3991,4,2020-09-05 16:55:55
6320,23969,2958,4,2020-09-05 16:55:56
8489,43702,252,5,2020-09-05 16:55:57
6033,75751,4726,4,2020-09-05 16:55:58
7874,87335,3290,4,2020-09-05 16:55:59
7432,74635,2649,5,2020-09-05 16:56:00
8707,58518,1708,3,2020-09-05 16:56:01
7355,56872,1958,5,2020-09-05 16:56:02
6360,61987,951,3,2020-09-05 16:56:03
8773,74839,2289,3,2020-09-05 16:56:04
5997,68652,3618,5,2020-09-05 16:56:05
7132,63102,1784,1,2020-09-05 16:56:06
6741,58863,445,1,2020-09-05 16:56:07
8986,85531,4418,5,2020-09-05 16:56:08
7833,6694,426,4,2020-09-05 16:56:09
7675,13708,3649,1,2020-09-05 16:56:10
5921,60071,2576,5,2020-09-05 16:56:11
8500,11135,3600,2,2020-09-05 16:56:12
6080,12823,3004,1,2020-09-05 16:56:13
8192,4713,2559,3,2020-09-05 16:56:14
8370,69831,2061,5,2020-09-05 16:56:15
7584,64187,1453,1,2020-09-05 16:56:16
8529,25733,3745,1,2020-09-05 16:56:17
7667,72787,532,4,2020-09-05 16:56:18
5866,25972,1848,2,2020-09-05 16:56:19
6281,31009,2198,1,2020-09-05 16:56:20
7227,60135,2005,5,2020-09-05 16:56:21
8328,26246,1289,4,2020-09-05 16:56:22
6511,24501,3019,3,2020-09-05 16:56:23
6023,24658,1040,5,2020-09-05 16:56:24
8394,73199,532,2,2020-09-05 16:56:25
5681,34433,1062,2,2020-09-05 16:56:26
8942,31750,2070,5,2020-09-05 16:56:27
6512,66218,2443,4,2020-09-05 16:56:28
6892,35153,2095,4,2020-09-05 16:56:29
5805,19824,1638,3,2020-09-05 16:56:30
6617,89157,301,3,2020-09-05 16:56:31
8543,6237,1135,1,2020-09-05 16:56:32
7836,86811,4633,2,2020-09-05 16:56:33
8847,81398,2417,1,2020-09-05 16:56:34
8459,27166,3228,1,2020-09-05 16:56:35
7063,44229,1340,1,2020-09-05 16:56:36
7255,44443,334,4,2020-09-05 16:56:37
8878,47064,1903,3,2020-09-05 16:56:38
8277,60415,4908,4,2020-09-05 16:56:39
5849,15345,314,4,2020-09-05 16:56:40
7910,75334,908,3,2020-09-05 16:56:41
6165,54841,1729,2,2020-09-05 16:56:42
6222,58086,1617,3,2020-09-05 16:56:43
8697,89554,4457,1,2020-09-05 16:56:44
6570,5435,446,4,2020-09-05 16:56:45
7066,3204,881,3,2020-09-05 16:56:46
8841,3578,4660,1,2020-09-05 16:56:47
6920,47489,3856,3,2020-09-05 16:56:48
8541,5956,1527,1,2020-09-05 16:56:49
6326,49881,1769,1,2020-09-05 16:56:50
7176,12230,3494,1,2020-09-05 16:56:51
6289,85589,500,2,2020-09-05 16:56:52
5912,88851,4662,1,2020-09-05 16:56:53
7543,3390,2012,3,2020-09-05 16:56:54
7256,46038,3566,4,2020-09-05 16:56:55
8962,53045,2618,3,2020-09-05 16:56:56
8271,55803,1048,1,2020-09-05 16:56:57
7320,34362,2892,1,2020-09-05 16:56:58
6215,3120,3095,5,2020-09-05 16:56:59
7331,83757,1073,3,2020-09-05 16:57:00
6231,83941,680,1,2020-09-05 16:57:01
8352,85011,3976,2,2020-09-05 16:57:02
7552,5184,1555,3,2020-09-05 16:57:03
6528,63556,4865,1,2020-09-05 16:57:04
6728,48200,1956,3,2020-09-05 16:57:05
6275,69923,1320,1,2020-09-05 16:57:06
6989,60231,1393,2,2020-09-05 16:57:07
8894,62400,640,3,2020-09-05 16:57:08
7453,29534,3327,4,2020-09-05 16:57:09
7501,52764,4392,2,2020-09-05 16:57:10
8679,7156,3136,4,2020-09-05 16:57:11
8357,50796,2924,4,2020-09-05 16:57:12
6432,80871,2517,4,2020-09-05 16:57:13
8324,24792,3654,5,2020-09-05 16:57:14
6952,85882,1092,1,2020-09-05 16:57:15
6587,85475,1112,1,2020-09-05 16:57:16
7071,2529,1727,2,2020-09-05 16:57:17
8981,54345,3089,2,2020-09-05 16:57:18
6778,44005,3441,1,2020-09-05 16:57:19
7745,38957,797,2,2020-09-05 16:57:20
7261,32762,1168,2,2020-09-05 16:57:21
8177,33263,3101,5,2020-09-05 16:57:22
8692,65392,3459,4,2020-09-05 16:57:23
7820,57475,2287,3,2020-09-05 16:57:24
6103,58455,1818,3,2020-09-05 16:57:25
8566,30676,4475,4,2020-09-05 16:57:26
7042,56467,574,1,2020-09-05 16:57:27
6415,47806,1824,4,2020-09-05 16:57:28
8411,32526,2828,4,2020-09-05 16:57:29
6033,85901,4726,3,2020-09-05 16:57:30
6514,22160,4743,4,2020-09-05 16:57:31
6929,39051,727,4,2020-09-05 16:57:32
8490,8315,4687,1,2020-09-05 16:57:33
6776,50543,3128,4,2020-09-05 16:57:34
5902,79848,1824,2,2020-09-05 16:57:35
5639,68862,2579,4,2020-09-05 16:57:36
6126,70886,3672,1,2020-09-05 16:57:37
5744,13210,4349,3,2020-09-05 16:57:38
8636,82316,570,2,2020-09-05 16:57:39
8162,68011,3014,4,2020-09-05 16:57:40
7867,44140,4317,5,2020-09-05 16:57:41
6600,15682,506,3,2020-09-05 16:57:42
8438,4610,2079,1,2020-09-05 16:57:43
8316,17932,1363,1,2020-09-05 16:57:44
7853,26105,2015,3,2020-09-05 16:57:45
5654,47159,3861,4,2020-09-05 16:57:46
7074,70672,2876,1,2020-09-05 16:57:47
8246,5287,2397,5,2020-09-05 16:57:48
7536,17616,496,4,2020-09-05 16:57:49
6850,65948,716,3,2020-09-05 16:57:50
6518,60386,2159,3,2020-09-05 16:57:51
6903,85258,1002,3,2020-09-05 16:57:52
7066,76737,881,1,2020-09-05 16:57:53
8964,61543,314,2,2020-09-05 16:57:54
7176,38952,3494,3,2020-09-05 16:57:55
5995,71676,3271,2,2020-09-05 16:57:56
6189,24627,1118,2,2020-09-05 16:57:57
7001,89750,1912,4,2020-09-05 16:57:58
5787,65216,3832,2,2020-09-05 16:57:59
6013,20491,1456,5,2020-09-05 16:58:00
6339,26204,1888,5,2020-09-05 16:58:01
6542,18717,4803,3,2020-09-05 16:58:02
6362,24772,3625,4,2020-09-05 16:58:03
8136,48020,1755,2,2020-09-05 16:58:04
8716,72079,2377,2,2020-09-05 16:58:05
6509,86314,3121,3,2020-09-05 16:58:06
8556,59101,1665,1,2020-09-05 16:58:07
7722,85638,150,5,2020-09-05 16:58:08
8784,2881,2613,2,2020-09-05 16:58:09
7125,46608,1640,1,2020-09-05 16:58:10
6275,10021,1320,3,2020-09-05 16:58:11
7756,46361,4307,3,2020-09-05 16:58:12
8772,63022,3537,5,2020-09-05 16:58:13
8284,76259,4455,3,2020-09-05 16:58:14
6586,69747,3791,3,2020-09-05 16:58:15
7357,67491,3198,4,2020-09-05 16:58:16
5857,69037,1795,5,2020-09-05 16:58:17
6411,78183,2020,3,2020-09-05 16:58:18
8974,25962,4640,2,2020-09-05 16:58:19
8369,2527,4173,4,2020-09-05 16:58:20
7077,49020,2314,4,2020-09-05 16:58:21
5963,73892,1205,3,2020-09-05 16:58:22
7414,16413,1866,5,2020-09-05 16:58:23
6464,21827,4954,4,2020-09-05 16:58:24
8146,2723,2768,1,2020-09-05 16:58:25
5735,49098,1843,3,2020-09-05 16:58:26
6610,7765,1539,4,2020-09-05 16:58:27
6835,3172,1513,3,2020-09-05 16:58:28
6719,38334,4217,5,2020-09-05 16:58:29
7427,35744,1845,4,2020-09-05 16:58:30
5806,9401,3404,2,2020-09-05 16:58:31
5769,31735,1380,1,2020-09-05 16:58:32
6310,2619,167,4,2020-09-05 16:58:33
6337,77074,3709,2,2020-09-05 16:58:34
7422,76329,2876,4,2020-09-05 16:58:35
6778,16239,3441,1,2020-09-05 16:58:36
8586,16721,3554,5,2020-09-05 16:58:37
8844,41611,3496,5,2020-09-05 16:58:38
7088,78480,4432,3,2020-09-05 16:58:39
5995,14722,3271,2,2020-09-05 16:58:40
8079,67496,4079,4,2020-09-05 16:58:41
6575,1137,2483,5,2020-09-05 16:58:42
7852,6984,70,5,2020-09-05 16:58:43
7350,73292,2309,3,2020-09-05 16:58:44
7293,39935,1826,2,2020-09-05 16:58:45
6535,63506,895,5,2020-09-05 16:58:46
7626,1356,1204,2,2020-09-05 16:58:47
8888,26036,4433,5,2020-09-05 16:58:48
7625,21937,4466,5,2020-09-05 16:58:49
8947,12594,2257,4,2020-09-05 16:58:50
8885,11474,2901,3,2020-09-05 16:58:51
8385,11959,1735,1,2020-09-05 16:58:52
7680,25516,973,2,2020-09-05 16:58:53
7024,68364,4383,2,2020-09-05 16:58:54
8301,58731,1594,4,2020-09-05 16:58:55
6587,43673,1112,3,2020-09-05 16:58:56
6914,76787,3569,1,2020-09-05 16:58:57
6591,20742,709,1,2020-09-05 16:58:58
7172,333,2824,1,2020-09-05 16:58:59
5998,26410,1745,1,2020-09-05 16:59:00
7655,59903,1665,5,2020-09-05 16:59:01
7490,24794,2409,2,2020-09-05 16:59:02
5770,28277,80,3,2020-09-05 16:59:03
7509,85361,2122,2,2020-09-05 16:59:04
6038,23399,1436,4,2020-09-05 16:59:05
8631,3109,1717,3,2020-09-05 16:59:06
8566,86023,4475,4,2020-09-05 16:59:07
6998,41322,764,1,2020-09-05 16:59:08
7206,50352,2872,3,2020-09-05 16:59:09
8692,32228,3459,4,2020-09-05 16:59:10
7172,41840,2824,3,2020-09-05 16:59:11
8851,48955,111,5,2020-09-05 16:59:12
8037,11577,1765,2,2020-09-05 16:59:13
6897,70385,4787,4,2020-09-05 16:59:14
5600,12625,3210,5,2020-09-05 16:59:15
7031,71555,1513,2,2020-09-05 16:59:16
8858,30179,4908,2,2020-09-05 16:59:17
7504,4853,3865,3,2020-09-05 16:59:18
7714,19524,1667,3,2020-09-05 16:59:19
7214,13962,447,4,2020-09-05 16:59:20
6166,73032,3917,4,2020-09-05 16:59:21
5660,60379,1755,2,2020-09-05 16:59:22
8620,89949,2982,5,2020-09-05 16:59:23
8992,77255,474,1,2020-09-05 16:59:24
6200,17771,3041,2,2020-09-05 16:59:25
7951,71422,3892,4,2020-09-05 16:59:26
8910,60264,3698,5,2020-09-05 16:59:27
7528,68619,2523,3,2020-09-05 16:59:28
8067,47397,1814,2,2020-09-05 16:59:29
8798,82992,1864,3,2020-09-05 16:59:30
6874,5987,2817,1,2020-09-05 16:59:31
8064,12385,58,4,2020-09-05 16:59:32
6323,39464,3461,1,2020-09-05 16:59:33
6530,48919,3602,5,2020-09-05 16:59:34
6595,32274,3443,2,2020-09-05 16:59:35
6538,9475,2256,1,2020-09-05 16:59:36
7658,47764,4488,4,2020-09-05 16:59:37
7850,54481,164,1,2020-09-05 16:59:38
6078,54214,2684,1,2020-09-05 16:59:39
8338,14293,3386,3,2020-09-05 16:59:40
6597,65569,3639,2,2020-09-05 16:59:41
7513,55125,1319,5,2020-09-05 16:59:42
5624,72970,1621,4,2020-09-05 16:59:43
5839,22973,3470,4,2020-09-05 16:59:44
8975,54435,4139,5,2020-09-05 16:59:45
7756,23408,4307,2,2020-09-05 16:59:46
8667,80291,1469,2,2020-09-05 16:59:47
8918,58690,2420,2,2020-09-05 16:59:48
7976,87469,3490,3,2020-09-05 16:59:49
8264,44666,1183,3,2020-09-05 16:59:50
7261,84423,1168,3,2020-09-05 16:59:51
5602,6743,215,4,2020-09-05 16:59:52
6504,61398,4418,5,2020-09-05 16:59:53
8318,10146,4610,4,2020-09-05 16:59:54
8104,89742,2176,1,2020-09-05 16:59:55
6279,39837,2128,5,2020-09-05 16:59:56
6970,77869,4329,1,2020-09-05 16:59:57
8284,25354,4455,1,2020-09-05 16:59:58
5864,55780,4337,4,2020-09-05 16:59:59
6518,69869,2159,1,2020-09-05 17:00:00
8064,55486,58,4,2020-09-05 17:00:01
6362,74458,3625,4,2020-09-05 17:00:02
8266,63418,657,3,2020-09-05 17:00:03
6087,45091,2008,4,2020-09-05 17:00:04
5602,56685,215,1,2020-09-05 17:00:05
7641,51109,3189,2,2020-09-05 17:00:06
7342,21407,2062,1,2020-09-05 17:00:07
8239,80480,4986,5,2020-09-05 17:00:08
8484,68870,4365,4,2020-09-05 17:00:09
6189,30731,1118,3,2020-09-05 17:00:10
8224,28904,75,4,2020-09-05 17:00:11
8352,35149,3976,1,2020-09-05 17:00:12
8392,29450,4341,2,2020-09-05 17:00:13
7217,78770,715,1,2020-09-05 17:00:14
8285,3482,4213,4,2020-09-05 17:00:15
6713,17268,3335,4,2020-09-05 17:00:16
7776,77296,4420,5,2020-09-05 17:00:17
7152,40525,2641,5,2020-09-05 17:00:18
7629,66628,4214,5,2020-09-05 17:00:19
8025,64915,4688,2,2020-09-05 17:00:20
7896,31416,3911,5,2020-09-05 17:00:21
6301,26575,2446,4,2020-09-05 17:00:22
7796,34452,3527,5,2020-09-05 17:00:23
7633,54013,3635,5,2020-09-05 17:00:24
7833,70944,426,2,2020-09-05 17:00:25
6204,32968,4152,5,2020-09-05 17:00:26
6619,26157,3682,2,2020-09-05 17:00:27
8382,53262,3712,2,2020-09-05 17:00:28
8188,15569,3539,4,2020-09-05 17:00:29
7829,21287,3757,1,2020-09-05 17:00:30
5941,17888,3577,1,2020-09-05 17:00:31
7888,37349,2561,4,2020-09-05 17:00:32
8094,12341,858,4,2020-09-05 17:00:33
7572,71896,3681,2,2020-09-05 17:00:34
8587,83425,145,5,2020-09-05 17:00:35
7628,50174,2372,5,2020-09-05 17:00:36
5799,1708,3939,4,2020-09-05 17:00:37
6367,17141,3030,3,2020-09-05 17:00:38
7606,81585,2228,3,2020-09-05 17:00:39
8501,89352,1814,2,2020-09-05 17:00:40
6728,74950,1956,4,2020-09-05 17:00:41
7186,43311,2691,1,2020-09-05 17:00:42
6748,77689,2821,5,2020-09-05 17:00:43
7332,7560,3331,4,2020-09-05 17:00:44
6486,34782,434,3,2020-09-05 17:00:45
6147,89509,1026,5,2020-09-05 17:00:46
8901,20547,3308,2,2020-09-05 17:00:47
7159,74809,4352,5,2020-09-05 17:00:48
6956,39363,994,4,2020-09-05 17:00:49
6984,86682,3325,1,2020-09-05 17:00:50
8600,64804,4009,1,2020-09-05 17:00:51
6525,48691,113,5,2020-09-05 17:00:52
8708,78695,3089,1,2020-09-05 17:00:53
6253,9323,1763,1,2020-09-05 17:00:54
8540,2648,1494,3,2020-09-05 17:00:55
7146,17951,2797,4,2020-09-05 17:00:56
6160,7091,93,1,2020-09-05 17:00:57
6652,17175,58,1,2020-09-05 17:00:58
7987,7988,1535,5,2020-09-05 17:00:59
7928,87569,3451,4,2020-09-05 17:01:00
5864,25244,4337,1,2020-09-05 17:01:01
7960,394,321,4,2020-09-05 17:01:02
6725,6231,4797,5,2020-09-05 17:01:03
8492,61657,4091,4,2020-09-05 17:01:04
5600,47305,3210,3,2020-09-05 17:01:05
7759,8496,1907,5,2020-09-05 17:01:06
6983,71771,1774,5,2020-09-05 17:01:07
8712,73078,3036,2,2020-09-05 17:01:08
6743,46974,3841,1,2020-09-05 17:01:09
8826,19053,2690,3,2020-09-05 17:01:10
5600,78377,3210,2,2020-09-05 17:01:11
8233,46024,1789,5,2020-09-05 17:01:12
7119,88720,2613,2,2020-09-05 17:01:13
7815,6008,1846,5,2020-09-05 17:01:14
6071,80196,2002,4,2020-09-05 17:01:15
5910,8458,4876,2,2020-09-05 17:01:16
7892,89114,560,4,2020-09-05 17:01:17
8359,87647,1590,3,2020-09-05 17:01:18
6369,59946,810,1,2020-09-05 17:01:19
7294,44177,2214,5,2020-09-05 17:01:20
8177,18677,3101,5,2020-09-05 17:01:21
6610,24737,1539,3,2020-09-05 17:01:22
6357,3961,2732,4,2020-09-05 17:01:23
5971,37276,1268,5,2020-09-05 17:01:24
6707,16343,4743,1,2020-09-05 17:01:25
7028,39395,2619,2,2020-09-05 17:01:26
5975,5532,1228,1,2020-09-05 17:01:27
7820,28924,2287,2,2020-09-05 17:01:28
8410,60026,2669,1,2020-09-05 17:01:29
7110,14842,4974,1,2020-09-05 17:01:30
8769,58969,3913,5,2020-09-05 17:01:31
7378,17272,4270,2,2020-09-05 17:01:32
7033,52619,540,3,2020-09-05 17:01:33
6854,50501,1863,3,2020-09-05 17:01:34
5872,83394,196,3,2020-09-05 17:01:35
5787,20311,3832,3,2020-09-05 17:01:36
8012,85816,4606,1,2020-09-05 17:01:37
5787,56133,3832,5,2020-09-05 17:01:38
6181,37876,986,3,2020-09-05 17:01:39
8668,24025,176,3,2020-09-05 17:01:40
7338,78822,57,4,2020-09-05 17:01:41
6814,50471,2797,4,2020-09-05 17:01:42
7761,79923,4701,1,2020-09-05 17:01:43
8352,53363,3976,1,2020-09-05 17:01:44
8431,26437,294,1,2020-09-05 17:01:45
7403,10986,4216,2,2020-09-05 17:01:46
7584,42647,1453,4,2020-09-05 17:01:47
8532,54034,937,3,2020-09-05 17:01:48
5804,27311,387,1,2020-09-05 17:01:49
8087,3490,2732,4,2020-09-05 17:01:50
8590,41231,1179,3,2020-09-05 17:01:51
6602,16789,565,4,2020-09-05 17:01:52
7380,16990,1461,4,2020-09-05 17:01:53
6666,89011,296,1,2020-09-05 17:01:54
7088,12026,4432,5,2020-09-05 17:01:55
6013,8845,1456,1,2020-09-05 17:01:56
6914,45648,3569,2,2020-09-05 17:01:57
7501,45257,4392,4,2020-09-05 17:01:58
6097,27879,449,1,2020-09-05 17:01:59
8624,7192,3573,2,2020-09-05 17:02:00
6882,27440,2740,3,2020-09-05 17:02:01
8347,9055,4404,4,2020-09-05 17:02:02
7132,18273,1784,5,2020-09-05 17:02:03
8895,63524,1729,1,2020-09-05 17:02:04
6231,48690,680,3,2020-09-05 17:02:05
7878,22156,3273,2,2020-09-05 17:02:06
8694,12008,1304,5,2020-09-05 17:02:07
8370,14400,2061,5,2020-09-05 17:02:08
5963,26502,1205,1,2020-09-05 17:02:09
6833,45707,1482,1,2020-09-05 17:02:10
8881,56329,2296,2,2020-09-05 17:02:11
6413,54053,2812,1,2020-09-05 17:02:12
5960,88196,1126,3,2020-09-05 17:02:13
7215,58112,2535,1,2020-09-05 17:02:14
6147,31121,1026,3,2020-09-05 17:02:15
5731,62933,2178,2,2020-09-05 17:02:16
8324,956,3654,2,2020-09-05 17:02:17
8094,35933,858,5,2020-09-05 17:02:18
7480,65600,1952,1,2020-09-05 17:02:19
6080,63852,3004,1,2020-09-05 17:02:20
7524,8051,3627,2,2020-09-05 17:02:21
6003,51334,1641,4,2020-09-05 17:02:22
8300,30197,4712,5,2020-09-05 17:02:23
8818,13895,548,4,2020-09-05 17:02:24
5909,38819,1235,4,2020-09-05 17:02:25
6303,4938,2098,1,2020-09-05 17:02:26
8921,55265,473,5,2020-09-05 17:02:27
8655,32950,3957,5,2020-09-05 17:02:28
8399,69823,563,5,2020-09-05 17:02:29
6663,66222,3833,1,2020-09-05 17:02:30
6008,11776,648,3,2020-09-05 17:02:31
8716,47155,2377,2,2020-09-05 17:02:32
6450,6724,2741,3,2020-09-05 17:02:33
6774,39051,4844,4,2020-09-05 17:02:34
6912,84199,1449,1,2020-09-05 17:02:35
8280,71453,490,4,2020-09-05 17:02:36
7669,76645,2067,1,2020-09-05 17:02:37
8092,89844,1942,1,2020-09-05 17:02:38
6956,56469,994,3,2020-09-05 17:02:39
7437,17414,2483,5,2020-09-05 17:02:40
7616,37989,1770,5,2020-09-05 17:02:41
8374,3769,3037,5,2020-09-05 17:02:42
7537,20102,1811,4,2020-09-05 17:02:43
7598,37842,109,2,2020-09-05 17:02:44
8192,85138,2559,1,2020-09-05 17:02:45
6199,43826,2746,3,2020-09-05 17:02:46
6630,60024,1621,3,2020-09-05 17:02:47
6453,37171,1318,1,2020-09-05 17:02:48
6938,39531,3308,2,2020-09-05 17:02:49
7439,51280,2279,4,2020-09-05 17:02:50
8628,35788,1681,1,2020-09-05 17:02:51
7244,19357,4243,2,2020-09-05 17:02:52
8976,74025,3289,3,2020-09-05 17:02:53
6909,43000,3620,3,2020-09-05 17:02:54
7680,17550,973,5,2020-09-05 17:02:55
6485,22178,2909,3,2020-09-05 17:02:56
6157,89617,218,4,2020-09-05 17:02:57
8299,57818,3078,3,2020-09-05 17:02:58
6365,38264,1954,1,2020-09-05 17:02:59
6601,79388,4661,2,2020-09-05 17:03:00
8603,60307,509,1,2020-09-05 17:03:01
7362,10341,1101,3,2020-09-05 17:03:02
8477,83303,1235,2,2020-09-05 17:03:03
8959,55581,2188,1,2020-09-05 17:03:04
6866,26635,2869,2,2020-09-05 17:03:05
5927,3231,897,1,2020-09-05 17:03:06
7553,64293,3646,2,2020-09-05 17:03:07
5794,87141,314,4,2020-09-05 17:03:08
6521,6513,2873,5,2020-09-05 17:03:09
7173,46368,3630,4,2020-09-05 17:03:10
6220,29231,1015,4,2020-09-05 17:03:11
5956,5924,2731,5,2020-09-05 17:03:12
6023,44868,1040,5,2020-09-05 17:03:13
8107,44279,4168,3,2020-09-05 17:03:14
7840,6532,3143,2,2020-09-05 17:03:15
6334,28924,3008,3,2020-09-05 17:03:16
8712,23664,3036,5,2020-09-05 17:03:17
7218,47301,3326,5,2020-09-05 17:03:18
7840,73839,3143,5,2020-09-05 17:03:19
6442,46967,4387,1,2020-09-05 17:03:20
7505,26114,2989,5,2020-09-05 17:03:21
8681,65392,2170,3,2020-09-05 17:03:22
6194,20381,3580,1,2020-09-05 17:03:23
5966,39624,1318,5,2020-09-05 17:03:24
8708,2360,3089,1,2020-09-05 17:03:25
6991,41176,1119,3,2020-09-05 17:03:26
8711,63757,3391,2,2020-09-05 17:03:27